gene,Bailey,CGC_Tier1,Kandoth,Lawrence_nonstringent,oncoKB,Tamborero_HCD,Vogelstein,sum_score,weighted_score
ABL1,TRUE,TRUE,FALSE,FALSE,TRUE,TRUE,TRUE,5,0.587
AKT1,TRUE,TRUE,TRUE,TRUE,TRUE,TRUE,TRUE,7,1.000
ALK,TRUE,TRUE,FALSE,TRUE,TRUE,FALSE,TRUE,5,0.603
AMER1,TRUE,TRUE,FALSE,FALSE,TRUE,FALSE,FALSE,3,0.212
APC,TRUE,TRUE,TRUE,TRUE,TRUE,TRUE,TRUE,7,1.000
AR,TRUE,TRUE,TRUE,FALSE,TRUE,TRUE,TRUE,6,0.863
ARID1A,TRUE,TRUE,TRUE,TRUE,TRUE,TRUE,TRUE,7,1.000
ASXL1,TRUE,TRUE,TRUE,TRUE,TRUE,TRUE,TRUE,7,1.000
ATM,TRUE,TRUE,TRUE,TRUE,TRUE,TRUE,TRUE,7,1.000
ATRX,TRUE,TRUE,TRUE,FALSE,TRUE,TRUE,TRUE,6,0.863
AXIN1,TRUE,TRUE,FALSE,FALSE,TRUE,FALSE,TRUE,4,0.466
BAP1,TRUE,TRUE,TRUE,TRUE,TRUE,TRUE,TRUE,7,1.000
BCL2,TRUE,TRUE,FALSE,FALSE,TRUE,FALSE,TRUE,4,0.466
BCOR,TRUE,TRUE,FALSE,TRUE,TRUE,TRUE,TRUE,6,0.724
BRAF,TRUE,TRUE,TRUE,TRUE,TRUE,TRUE,TRUE,7,1.000
BRCA1,TRUE,TRUE,TRUE,TRUE,TRUE,TRUE,TRUE,7,1.000
BRCA2,TRUE,TRUE,TRUE,FALSE,TRUE,TRUE,TRUE,6,0.863
CARD11,TRUE,TRUE,FALSE,TRUE,TRUE,FALSE,TRUE,5,0.603
CBL,FALSE,TRUE,FALSE,FALSE,TRUE,FALSE,TRUE,3,0.349
CDC73,FALSE,TRUE,FALSE,FALSE,TRUE,TRUE,TRUE,4,0.470
CDH1,TRUE,TRUE,TRUE,TRUE,TRUE,TRUE,TRUE,7,1.000
CDKN2A,TRUE,TRUE,TRUE,TRUE,TRUE,TRUE,TRUE,7,1.000
CEBPA,TRUE,TRUE,TRUE,TRUE,TRUE,TRUE,TRUE,7,1.000
CIC,TRUE,TRUE,FALSE,FALSE,TRUE,TRUE,TRUE,5,0.587
CREBBP,TRUE,TRUE,FALSE,TRUE,TRUE,FALSE,TRUE,5,0.603
CTNNB1,TRUE,TRUE,TRUE,TRUE,TRUE,TRUE,TRUE,7,1.000
DAXX,FALSE,TRUE,FALSE,FALSE,TRUE,FALSE,TRUE,3,0.349
DNMT3A,TRUE,TRUE,TRUE,TRUE,TRUE,TRUE,TRUE,7,1.000
EGFR,TRUE,TRUE,TRUE,TRUE,TRUE,TRUE,TRUE,7,1.000
EP300,TRUE,TRUE,TRUE,TRUE,TRUE,TRUE,TRUE,7,1.000
ERBB2,TRUE,TRUE,FALSE,TRUE,TRUE,TRUE,TRUE,6,0.724
EZH2,TRUE,TRUE,TRUE,TRUE,TRUE,TRUE,TRUE,7,1.000
FBXW7,TRUE,TRUE,TRUE,TRUE,TRUE,TRUE,TRUE,7,1.000
FGFR2,TRUE,TRUE,TRUE,TRUE,TRUE,TRUE,TRUE,7,1.000
FGFR3,TRUE,TRUE,TRUE,TRUE,TRUE,TRUE,TRUE,7,1.000
FLT3,TRUE,TRUE,TRUE,TRUE,TRUE,TRUE,TRUE,7,1.000
FOXL2,FALSE,TRUE,FALSE,FALSE,TRUE,FALSE,TRUE,3,0.349
GATA3,TRUE,TRUE,TRUE,TRUE,TRUE,TRUE,TRUE,7,1.000
GNA11,TRUE,TRUE,FALSE,FALSE,TRUE,FALSE,TRUE,4,0.466
GNAQ,TRUE,TRUE,FALSE,FALSE,TRUE,FALSE,TRUE,4,0.466
GNAS,TRUE,TRUE,FALSE,FALSE,TRUE,TRUE,TRUE,5,0.587
HNF1A,FALSE,TRUE,FALSE,FALSE,TRUE,FALSE,TRUE,3,0.349
HRAS,TRUE,TRUE,FALSE,TRUE,TRUE,TRUE,TRUE,6,0.724
IDH1,TRUE,TRUE,TRUE,TRUE,TRUE,TRUE,TRUE,7,1.000
IDH2,TRUE,TRUE,TRUE,TRUE,TRUE,TRUE,TRUE,7,1.000
JAK1,TRUE,TRUE,FALSE,FALSE,TRUE,FALSE,TRUE,4,0.466
JAK2,TRUE,TRUE,FALSE,FALSE,TRUE,TRUE,TRUE,5,0.587
JAK3,TRUE,TRUE,FALSE,FALSE,TRUE,FALSE,TRUE,4,0.466
KDM5C,TRUE,TRUE,TRUE,TRUE,TRUE,TRUE,TRUE,7,1.000
KDM6A,TRUE,TRUE,TRUE,TRUE,TRUE,TRUE,TRUE,7,1.000
KIT,TRUE,TRUE,TRUE,TRUE,TRUE,TRUE,TRUE,7,1.000
KMT2D,TRUE,TRUE,FALSE,TRUE,TRUE,FALSE,FALSE,4,0.349
KRAS,TRUE,TRUE,TRUE,TRUE,TRUE,TRUE,TRUE,7,1.000
MAP2K1,TRUE,TRUE,FALSE,TRUE,TRUE,FALSE,TRUE,5,0.603
MAP3K1,TRUE,TRUE,TRUE,TRUE,TRUE,TRUE,TRUE,7,1.000
MED12,TRUE,TRUE,FALSE,TRUE,TRUE,TRUE,TRUE,6,0.724
MEN1,TRUE,TRUE,FALSE,FALSE,TRUE,FALSE,TRUE,4,0.466
MET,TRUE,TRUE,FALSE,TRUE,TRUE,FALSE,TRUE,5,0.603
MLH1,TRUE,TRUE,FALSE,FALSE,TRUE,FALSE,TRUE,4,0.466
MPL,FALSE,TRUE,FALSE,FALSE,TRUE,FALSE,TRUE,3,0.349
MSH2,TRUE,TRUE,FALSE,FALSE,TRUE,FALSE,TRUE,4,0.466
MSH6,TRUE,TRUE,FALSE,FALSE,TRUE,FALSE,TRUE,4,0.466
MYD88,TRUE,TRUE,FALSE,TRUE,TRUE,FALSE,TRUE,5,0.603
NF1,TRUE,TRUE,TRUE,TRUE,TRUE,TRUE,TRUE,7,1.000
NF2,TRUE,TRUE,FALSE,FALSE,TRUE,FALSE,TRUE,4,0.466
NFE2L2,TRUE,TRUE,TRUE,TRUE,TRUE,TRUE,TRUE,7,1.000
NOTCH1,TRUE,TRUE,TRUE,TRUE,TRUE,TRUE,TRUE,7,1.000
NOTCH2,TRUE,TRUE,FALSE,FALSE,TRUE,FALSE,TRUE,4,0.466
NPM1,TRUE,TRUE,TRUE,TRUE,TRUE,TRUE,TRUE,7,1.000
NRAS,TRUE,TRUE,TRUE,TRUE,TRUE,TRUE,TRUE,7,1.000
PAX5,TRUE,TRUE,FALSE,FALSE,TRUE,FALSE,TRUE,4,0.466
PBRM1,TRUE,TRUE,TRUE,TRUE,TRUE,TRUE,TRUE,7,1.000
PDGFRA,TRUE,TRUE,TRUE,FALSE,TRUE,TRUE,TRUE,6,0.863
PIK3CA,TRUE,TRUE,TRUE,TRUE,TRUE,TRUE,TRUE,7,1.000
PIK3R1,TRUE,TRUE,TRUE,TRUE,TRUE,TRUE,TRUE,7,1.000
PPP2R1A,TRUE,TRUE,TRUE,TRUE,TRUE,TRUE,TRUE,7,1.000
PRDM1,FALSE,TRUE,FALSE,TRUE,TRUE,FALSE,TRUE,4,0.486
PTCH1,TRUE,TRUE,FALSE,FALSE,TRUE,FALSE,TRUE,4,0.466
PTEN,TRUE,TRUE,TRUE,TRUE,TRUE,TRUE,TRUE,7,1.000
PTPN11,TRUE,TRUE,TRUE,TRUE,TRUE,TRUE,TRUE,7,1.000
RB1,TRUE,TRUE,TRUE,TRUE,TRUE,TRUE,TRUE,7,1.000
RET,TRUE,TRUE,FALSE,FALSE,TRUE,FALSE,TRUE,4,0.466
RNF43,TRUE,TRUE,FALSE,FALSE,TRUE,TRUE,TRUE,5,0.587
SETD2,TRUE,TRUE,TRUE,TRUE,TRUE,TRUE,TRUE,7,1.000
SF3B1,TRUE,TRUE,TRUE,TRUE,TRUE,TRUE,TRUE,7,1.000
SMAD2,TRUE,TRUE,TRUE,TRUE,TRUE,TRUE,TRUE,7,1.000
SMAD4,TRUE,TRUE,TRUE,TRUE,TRUE,TRUE,TRUE,7,1.000
SMARCA4,TRUE,TRUE,FALSE,TRUE,TRUE,TRUE,TRUE,6,0.724
SMARCB1,TRUE,TRUE,FALSE,TRUE,TRUE,FALSE,TRUE,5,0.603
SMO,FALSE,TRUE,FALSE,FALSE,TRUE,FALSE,TRUE,3,0.349
SOCS1,FALSE,TRUE,FALSE,FALSE,TRUE,FALSE,TRUE,3,0.349
SPOP,TRUE,TRUE,TRUE,TRUE,TRUE,TRUE,TRUE,7,1.000
STAG2,TRUE,TRUE,TRUE,TRUE,TRUE,TRUE,TRUE,7,1.000
STK11,TRUE,TRUE,TRUE,TRUE,TRUE,TRUE,TRUE,7,1.000
TET2,TRUE,TRUE,TRUE,TRUE,TRUE,TRUE,TRUE,7,1.000
TNFAIP3,TRUE,TRUE,FALSE,FALSE,TRUE,FALSE,TRUE,4,0.466
TP53,TRUE,TRUE,TRUE,TRUE,TRUE,TRUE,TRUE,7,1.000
TSC1,TRUE,TRUE,FALSE,TRUE,TRUE,FALSE,TRUE,5,0.603
U2AF1,TRUE,TRUE,TRUE,TRUE,TRUE,TRUE,TRUE,7,1.000
VHL,TRUE,TRUE,TRUE,TRUE,TRUE,TRUE,TRUE,7,1.000
WT1,TRUE,TRUE,TRUE,TRUE,TRUE,TRUE,TRUE,7,1.000
AKT2,FALSE,TRUE,FALSE,FALSE,TRUE,FALSE,FALSE,2,0.095
ARID2,TRUE,TRUE,FALSE,TRUE,TRUE,TRUE,TRUE,6,0.724
ATR,TRUE,TRUE,TRUE,FALSE,TRUE,TRUE,FALSE,5,0.609
B2M,TRUE,TRUE,FALSE,TRUE,TRUE,TRUE,TRUE,6,0.724
BARD1,FALSE,TRUE,FALSE,FALSE,TRUE,TRUE,FALSE,3,0.215
BCL6,FALSE,TRUE,FALSE,FALSE,TRUE,FALSE,FALSE,2,0.095
BRD4,FALSE,TRUE,FALSE,FALSE,TRUE,FALSE,FALSE,2,0.095
BRIP1,FALSE,TRUE,FALSE,FALSE,TRUE,FALSE,FALSE,2,0.095
BTK,FALSE,TRUE,FALSE,FALSE,TRUE,FALSE,FALSE,2,0.095
CALR,FALSE,TRUE,FALSE,FALSE,TRUE,FALSE,FALSE,2,0.095
CASP8,TRUE,TRUE,FALSE,TRUE,TRUE,TRUE,TRUE,6,0.724
CBFB,TRUE,TRUE,TRUE,TRUE,TRUE,TRUE,FALSE,6,0.746
CCND1,TRUE,TRUE,TRUE,TRUE,TRUE,TRUE,TRUE,7,1.000
CCND2,FALSE,TRUE,FALSE,FALSE,TRUE,FALSE,FALSE,2,0.095
CCND3,FALSE,TRUE,FALSE,FALSE,TRUE,FALSE,FALSE,2,0.095
CCNE1,FALSE,TRUE,FALSE,FALSE,TRUE,FALSE,FALSE,2,0.095
CD274,FALSE,TRUE,FALSE,FALSE,TRUE,FALSE,FALSE,2,0.095
CD79A,FALSE,TRUE,FALSE,FALSE,TRUE,FALSE,FALSE,2,0.095
CD79B,TRUE,TRUE,FALSE,TRUE,TRUE,FALSE,FALSE,4,0.349
CDK12,TRUE,TRUE,TRUE,TRUE,TRUE,TRUE,FALSE,6,0.746
CDK4,TRUE,TRUE,FALSE,TRUE,TRUE,FALSE,FALSE,4,0.349
CDK6,FALSE,TRUE,FALSE,FALSE,TRUE,FALSE,FALSE,2,0.095
CDKN1B,TRUE,TRUE,TRUE,TRUE,TRUE,TRUE,FALSE,6,0.746
CDKN2C,TRUE,TRUE,TRUE,FALSE,TRUE,TRUE,TRUE,6,0.863
CHEK2,TRUE,TRUE,TRUE,FALSE,TRUE,TRUE,FALSE,5,0.609
CRLF2,FALSE,TRUE,FALSE,FALSE,TRUE,FALSE,TRUE,3,0.349
CSF1R,FALSE,FALSE,FALSE,FALSE,TRUE,FALSE,TRUE,2,0.287
CSF3R,FALSE,TRUE,FALSE,FALSE,TRUE,FALSE,FALSE,2,0.095
CTCF,TRUE,TRUE,TRUE,TRUE,TRUE,TRUE,FALSE,6,0.746
CXCR4,FALSE,TRUE,FALSE,FALSE,TRUE,FALSE,FALSE,2,0.095
DDR2,FALSE,TRUE,FALSE,FALSE,TRUE,FALSE,FALSE,2,0.095
ERBB3,TRUE,TRUE,FALSE,TRUE,TRUE,FALSE,FALSE,4,0.349
ERBB4,TRUE,TRUE,TRUE,FALSE,TRUE,FALSE,FALSE,4,0.488
ERG,FALSE,TRUE,FALSE,FALSE,TRUE,FALSE,FALSE,2,0.095
ESR1,TRUE,TRUE,FALSE,FALSE,TRUE,TRUE,FALSE,4,0.333
ETV6,FALSE,TRUE,FALSE,FALSE,TRUE,FALSE,FALSE,2,0.095
FAM46C,FALSE,TRUE,FALSE,TRUE,TRUE,FALSE,FALSE,3,0.232
FANCA,FALSE,TRUE,FALSE,FALSE,TRUE,TRUE,FALSE,3,0.215
FANCC,FALSE,TRUE,FALSE,FALSE,TRUE,FALSE,FALSE,2,0.095
FGFR1,TRUE,TRUE,FALSE,FALSE,TRUE,FALSE,FALSE,3,0.212
FGFR4,FALSE,TRUE,FALSE,FALSE,TRUE,FALSE,FALSE,2,0.095
FLCN,FALSE,TRUE,FALSE,FALSE,TRUE,FALSE,FALSE,2,0.095
FUBP1,TRUE,TRUE,FALSE,FALSE,TRUE,FALSE,TRUE,4,0.466
GATA1,FALSE,TRUE,FALSE,FALSE,TRUE,FALSE,TRUE,3,0.349
GATA2,FALSE,TRUE,FALSE,FALSE,TRUE,FALSE,TRUE,3,0.349
H3F3A,TRUE,TRUE,FALSE,FALSE,TRUE,FALSE,TRUE,4,0.466
HIST1H3B,FALSE,TRUE,FALSE,TRUE,TRUE,FALSE,TRUE,4,0.486
IKZF1,FALSE,TRUE,FALSE,FALSE,TRUE,FALSE,TRUE,3,0.349
IRF4,FALSE,TRUE,FALSE,TRUE,TRUE,FALSE,FALSE,3,0.232
JUN,FALSE,TRUE,FALSE,FALSE,TRUE,FALSE,FALSE,2,0.095
KDM5A,FALSE,TRUE,FALSE,FALSE,TRUE,FALSE,FALSE,2,0.095
KDR,FALSE,TRUE,FALSE,FALSE,TRUE,FALSE,FALSE,2,0.095
KEAP1,TRUE,TRUE,TRUE,TRUE,TRUE,TRUE,FALSE,6,0.746
KMT2A,TRUE,TRUE,FALSE,TRUE,TRUE,FALSE,FALSE,4,0.349
KMT2C,TRUE,TRUE,FALSE,TRUE,TRUE,FALSE,FALSE,4,0.349
MAP2K2,FALSE,TRUE,FALSE,FALSE,TRUE,FALSE,FALSE,2,0.095
MAP2K4,TRUE,TRUE,TRUE,TRUE,TRUE,TRUE,TRUE,7,1.000
MAPK1,TRUE,TRUE,FALSE,FALSE,TRUE,FALSE,FALSE,3,0.212
MDM2,FALSE,TRUE,FALSE,FALSE,TRUE,FALSE,TRUE,3,0.349
MDM4,FALSE,TRUE,FALSE,FALSE,TRUE,FALSE,TRUE,3,0.349
MITF,FALSE,TRUE,FALSE,FALSE,TRUE,FALSE,FALSE,2,0.095
MTOR,TRUE,TRUE,TRUE,TRUE,TRUE,TRUE,FALSE,6,0.746
MUTYH,FALSE,TRUE,FALSE,FALSE,TRUE,FALSE,FALSE,2,0.095
MYC,TRUE,TRUE,FALSE,FALSE,TRUE,FALSE,TRUE,4,0.466
MYCL,FALSE,TRUE,FALSE,FALSE,TRUE,FALSE,FALSE,2,0.095
MYCN,TRUE,TRUE,FALSE,TRUE,TRUE,FALSE,TRUE,5,0.603
NKX2-1,FALSE,TRUE,FALSE,FALSE,TRUE,FALSE,TRUE,3,0.349
NTRK1,FALSE,TRUE,FALSE,FALSE,TRUE,FALSE,FALSE,2,0.095
NTRK3,FALSE,TRUE,FALSE,FALSE,TRUE,FALSE,FALSE,2,0.095
PALB2,FALSE,TRUE,FALSE,FALSE,TRUE,FALSE,FALSE,2,0.095
PDCD1LG2,FALSE,TRUE,FALSE,FALSE,TRUE,FALSE,FALSE,2,0.095
PDGFRB,FALSE,TRUE,FALSE,FALSE,TRUE,FALSE,FALSE,2,0.095
PHF6,TRUE,TRUE,TRUE,TRUE,TRUE,TRUE,TRUE,7,1.000
PIM1,TRUE,TRUE,FALSE,FALSE,TRUE,FALSE,FALSE,3,0.212
PRKAR1A,TRUE,TRUE,FALSE,FALSE,TRUE,TRUE,FALSE,4,0.333
RAD21,TRUE,TRUE,TRUE,TRUE,TRUE,TRUE,FALSE,6,0.746
RAF1,TRUE,TRUE,FALSE,FALSE,TRUE,FALSE,FALSE,3,0.212
RARA,TRUE,TRUE,FALSE,FALSE,TRUE,FALSE,FALSE,3,0.212
ROS1,FALSE,TRUE,FALSE,FALSE,TRUE,FALSE,FALSE,2,0.095
RUNX1,TRUE,TRUE,TRUE,TRUE,TRUE,TRUE,TRUE,7,1.000
SDHA,FALSE,TRUE,FALSE,FALSE,TRUE,FALSE,FALSE,2,0.095
SDHB,FALSE,TRUE,FALSE,FALSE,TRUE,FALSE,FALSE,2,0.095
SDHC,FALSE,TRUE,FALSE,FALSE,TRUE,FALSE,FALSE,2,0.095
SDHD,FALSE,TRUE,FALSE,FALSE,TRUE,FALSE,FALSE,2,0.095
SOX2,FALSE,TRUE,FALSE,FALSE,TRUE,FALSE,FALSE,2,0.095
SPEN,FALSE,TRUE,FALSE,TRUE,TRUE,TRUE,FALSE,4,0.352
SRC,FALSE,TRUE,FALSE,FALSE,TRUE,FALSE,FALSE,2,0.095
SRSF2,TRUE,TRUE,FALSE,TRUE,TRUE,FALSE,TRUE,5,0.603
STAT3,FALSE,TRUE,FALSE,FALSE,TRUE,TRUE,FALSE,3,0.215
SUFU,FALSE,TRUE,FALSE,FALSE,TRUE,FALSE,FALSE,2,0.095
SYK,FALSE,TRUE,FALSE,FALSE,TRUE,FALSE,FALSE,2,0.095
TGFBR2,TRUE,TRUE,TRUE,TRUE,TRUE,TRUE,FALSE,6,0.746
TMPRSS2,FALSE,TRUE,FALSE,FALSE,TRUE,FALSE,FALSE,2,0.095
TNFRSF14,FALSE,TRUE,FALSE,TRUE,TRUE,FALSE,FALSE,3,0.232
TSC2,TRUE,TRUE,FALSE,FALSE,TRUE,TRUE,FALSE,4,0.333
TSHR,FALSE,TRUE,FALSE,FALSE,TRUE,FALSE,TRUE,3,0.349
WHSC1,TRUE,FALSE,FALSE,FALSE,TRUE,TRUE,FALSE,3,0.271
WHSC1L1,FALSE,FALSE,FALSE,FALSE,TRUE,TRUE,FALSE,2,0.154
XPO1,TRUE,TRUE,FALSE,TRUE,TRUE,FALSE,FALSE,4,0.349
AKT3,FALSE,FALSE,FALSE,FALSE,TRUE,FALSE,FALSE,1,0.033
ARAF,TRUE,FALSE,FALSE,FALSE,TRUE,FALSE,FALSE,2,0.151
ARID1B,FALSE,TRUE,FALSE,FALSE,TRUE,FALSE,TRUE,3,0.349
AURKA,FALSE,FALSE,FALSE,FALSE,TRUE,FALSE,FALSE,1,0.033
AURKB,FALSE,FALSE,FALSE,FALSE,TRUE,FALSE,FALSE,1,0.033
AXL,FALSE,FALSE,FALSE,FALSE,TRUE,FALSE,FALSE,1,0.033
BCL10,FALSE,TRUE,FALSE,FALSE,TRUE,FALSE,FALSE,2,0.095
BCORL1,FALSE,TRUE,FALSE,FALSE,TRUE,FALSE,FALSE,2,0.095
BCR,FALSE,TRUE,FALSE,FALSE,TRUE,FALSE,FALSE,2,0.095
BIRC3,FALSE,TRUE,FALSE,FALSE,TRUE,FALSE,FALSE,2,0.095
BLM,FALSE,TRUE,FALSE,FALSE,TRUE,TRUE,FALSE,3,0.215
BTG1,FALSE,TRUE,FALSE,FALSE,TRUE,FALSE,FALSE,2,0.095
CDK8,FALSE,FALSE,FALSE,FALSE,TRUE,FALSE,FALSE,1,0.033
CDKN2B,FALSE,FALSE,FALSE,FALSE,TRUE,FALSE,FALSE,1,0.033
CHEK1,FALSE,FALSE,FALSE,FALSE,TRUE,FALSE,FALSE,1,0.033
CRKL,FALSE,FALSE,FALSE,FALSE,TRUE,FALSE,FALSE,1,0.033
CYLD,TRUE,TRUE,FALSE,FALSE,TRUE,TRUE,TRUE,5,0.587
DOT1L,FALSE,FALSE,FALSE,FALSE,TRUE,FALSE,FALSE,1,0.033
EED,FALSE,FALSE,FALSE,FALSE,TRUE,FALSE,FALSE,1,0.033
EIF4A2,FALSE,TRUE,TRUE,FALSE,TRUE,TRUE,FALSE,4,0.492
EPHA3,TRUE,FALSE,TRUE,FALSE,TRUE,FALSE,FALSE,3,0.427
EPHB1,FALSE,FALSE,FALSE,FALSE,TRUE,FALSE,FALSE,1,0.033
ERCC4,FALSE,TRUE,FALSE,FALSE,TRUE,FALSE,FALSE,2,0.095
ETV1,FALSE,TRUE,FALSE,FALSE,TRUE,FALSE,FALSE,2,0.095
FAS,FALSE,TRUE,FALSE,FALSE,TRUE,FALSE,FALSE,2,0.095
FGF19,FALSE,FALSE,FALSE,FALSE,TRUE,FALSE,FALSE,1,0.033
FGF3,FALSE,FALSE,FALSE,FALSE,TRUE,FALSE,FALSE,1,0.033
FGF4,FALSE,FALSE,FALSE,FALSE,TRUE,FALSE,FALSE,1,0.033
FH,FALSE,TRUE,FALSE,FALSE,TRUE,FALSE,FALSE,2,0.095
FLT1,FALSE,FALSE,FALSE,FALSE,TRUE,FALSE,FALSE,1,0.033
FLT4,FALSE,TRUE,FALSE,FALSE,TRUE,FALSE,FALSE,2,0.095
FOXO1,FALSE,TRUE,FALSE,FALSE,TRUE,FALSE,FALSE,2,0.095
FOXP1,FALSE,TRUE,FALSE,FALSE,TRUE,FALSE,FALSE,2,0.095
GRIN2A,FALSE,TRUE,FALSE,FALSE,TRUE,FALSE,FALSE,2,0.095
GSK3B,FALSE,FALSE,FALSE,FALSE,TRUE,FALSE,FALSE,1,0.033
HGF,TRUE,FALSE,TRUE,FALSE,TRUE,TRUE,FALSE,4,0.547
ID3,FALSE,FALSE,FALSE,FALSE,TRUE,FALSE,FALSE,1,0.033
IGF1R,FALSE,FALSE,FALSE,FALSE,TRUE,FALSE,FALSE,1,0.033
IKBKE,FALSE,FALSE,FALSE,FALSE,TRUE,FALSE,FALSE,1,0.033
IL7R,TRUE,TRUE,FALSE,TRUE,TRUE,FALSE,FALSE,4,0.349
INPP4B,FALSE,FALSE,FALSE,FALSE,TRUE,FALSE,FALSE,1,0.033
IRS2,FALSE,FALSE,FALSE,FALSE,TRUE,TRUE,FALSE,2,0.154
KLF4,FALSE,TRUE,FALSE,FALSE,TRUE,FALSE,TRUE,3,0.349
LMO1,FALSE,TRUE,FALSE,FALSE,TRUE,FALSE,TRUE,3,0.349
MALT1,FALSE,TRUE,FALSE,FALSE,TRUE,FALSE,FALSE,2,0.095
MAP3K13,FALSE,TRUE,FALSE,FALSE,TRUE,FALSE,FALSE,2,0.095
MCL1,FALSE,FALSE,FALSE,FALSE,TRUE,FALSE,FALSE,1,0.033
MEF2B,FALSE,FALSE,FALSE,FALSE,TRUE,FALSE,FALSE,1,0.033
MRE11A,FALSE,FALSE,FALSE,FALSE,TRUE,FALSE,FALSE,1,0.033
MSH3,TRUE,FALSE,FALSE,FALSE,TRUE,FALSE,FALSE,2,0.151
MSI2,FALSE,TRUE,FALSE,FALSE,TRUE,FALSE,FALSE,2,0.095
NBN,FALSE,TRUE,FALSE,FALSE,TRUE,FALSE,FALSE,2,0.095
NCOR1,TRUE,TRUE,TRUE,TRUE,TRUE,TRUE,TRUE,7,1.000
NFKBIA,FALSE,FALSE,FALSE,FALSE,TRUE,FALSE,FALSE,1,0.033
NSD1,TRUE,TRUE,TRUE,TRUE,TRUE,TRUE,FALSE,6,0.746
NT5C2,FALSE,TRUE,FALSE,FALSE,TRUE,FALSE,FALSE,2,0.095
NTRK2,FALSE,FALSE,FALSE,FALSE,TRUE,FALSE,FALSE,1,0.033
P2RY8,FALSE,TRUE,FALSE,FALSE,TRUE,FALSE,FALSE,2,0.095
PDCD1,FALSE,FALSE,FALSE,FALSE,TRUE,FALSE,FALSE,1,0.033
PIK3CB,TRUE,TRUE,FALSE,FALSE,TRUE,TRUE,FALSE,4,0.333
PMS2,TRUE,TRUE,FALSE,FALSE,TRUE,FALSE,FALSE,3,0.212
POLD1,FALSE,TRUE,FALSE,FALSE,TRUE,FALSE,FALSE,2,0.095
POLE,TRUE,TRUE,FALSE,TRUE,TRUE,FALSE,FALSE,4,0.349
POT1,FALSE,TRUE,FALSE,FALSE,TRUE,FALSE,FALSE,2,0.095
PPARG,FALSE,TRUE,FALSE,FALSE,TRUE,FALSE,FALSE,2,0.095
RAC1,TRUE,TRUE,FALSE,TRUE,TRUE,TRUE,FALSE,5,0.470
RAD51,FALSE,FALSE,FALSE,FALSE,TRUE,FALSE,FALSE,1,0.033
RAD51B,FALSE,TRUE,FALSE,FALSE,TRUE,FALSE,FALSE,2,0.095
RBM10,TRUE,TRUE,FALSE,TRUE,TRUE,FALSE,FALSE,4,0.349
REL,FALSE,TRUE,FALSE,FALSE,TRUE,FALSE,FALSE,2,0.095
RHOA,TRUE,TRUE,FALSE,TRUE,TRUE,TRUE,FALSE,5,0.470
RICTOR,FALSE,FALSE,FALSE,FALSE,TRUE,FALSE,FALSE,1,0.033
RPTOR,FALSE,FALSE,FALSE,FALSE,TRUE,FALSE,FALSE,1,0.033
SETBP1,TRUE,TRUE,TRUE,FALSE,TRUE,FALSE,TRUE,5,0.742
SOX9,TRUE,FALSE,TRUE,FALSE,TRUE,FALSE,TRUE,4,0.681
STAT5B,FALSE,TRUE,FALSE,FALSE,TRUE,FALSE,FALSE,2,0.095
SUZ12,FALSE,TRUE,FALSE,FALSE,TRUE,TRUE,FALSE,3,0.215
TBX3,TRUE,TRUE,TRUE,TRUE,TRUE,TRUE,FALSE,6,0.746
TCF3,FALSE,TRUE,FALSE,FALSE,TRUE,FALSE,FALSE,2,0.095
TERT,FALSE,TRUE,FALSE,FALSE,TRUE,FALSE,FALSE,2,0.095
TET1,FALSE,TRUE,FALSE,FALSE,TRUE,FALSE,FALSE,2,0.095
TOP1,FALSE,TRUE,FALSE,FALSE,TRUE,FALSE,FALSE,2,0.095
TP63,FALSE,TRUE,FALSE,FALSE,TRUE,FALSE,FALSE,2,0.095
TRAF7,FALSE,TRUE,FALSE,FALSE,TRUE,FALSE,TRUE,3,0.349
ZRSR2,FALSE,TRUE,FALSE,FALSE,TRUE,FALSE,FALSE,2,0.095
ACVR1,TRUE,TRUE,FALSE,FALSE,TRUE,FALSE,FALSE,3,0.212
ALOX12B,FALSE,FALSE,FALSE,FALSE,TRUE,FALSE,FALSE,1,0.033
AXIN2,TRUE,TRUE,TRUE,TRUE,TRUE,TRUE,FALSE,6,0.746
BCL11B,FALSE,TRUE,FALSE,FALSE,TRUE,FALSE,FALSE,2,0.095
BCL2L1,FALSE,FALSE,FALSE,FALSE,TRUE,FALSE,FALSE,1,0.033
BMPR1A,FALSE,TRUE,FALSE,FALSE,TRUE,FALSE,FALSE,2,0.095
CDKN1A,TRUE,FALSE,TRUE,TRUE,TRUE,TRUE,FALSE,5,0.684
CIITA,FALSE,TRUE,FALSE,FALSE,TRUE,FALSE,FALSE,2,0.095
CUL3,TRUE,FALSE,FALSE,FALSE,TRUE,FALSE,FALSE,2,0.151
CUX1,FALSE,TRUE,FALSE,TRUE,TRUE,FALSE,FALSE,3,0.232
DDX3X,TRUE,TRUE,FALSE,TRUE,TRUE,FALSE,FALSE,4,0.349
DICER1,TRUE,TRUE,FALSE,FALSE,TRUE,TRUE,FALSE,4,0.333
DIS3,FALSE,FALSE,FALSE,TRUE,TRUE,FALSE,FALSE,2,0.170
DNAJB1,FALSE,TRUE,FALSE,FALSE,TRUE,FALSE,FALSE,2,0.095
DNMT1,FALSE,FALSE,FALSE,FALSE,TRUE,FALSE,TRUE,2,0.287
DROSHA,FALSE,TRUE,FALSE,FALSE,TRUE,FALSE,FALSE,2,0.095
EPAS1,TRUE,TRUE,FALSE,FALSE,TRUE,FALSE,FALSE,3,0.212
EPHA5,FALSE,FALSE,FALSE,FALSE,TRUE,FALSE,FALSE,1,0.033
EPHA7,FALSE,FALSE,FALSE,FALSE,TRUE,FALSE,FALSE,1,0.033
ERCC2,TRUE,TRUE,TRUE,TRUE,TRUE,TRUE,FALSE,6,0.746
ERCC3,FALSE,TRUE,FALSE,FALSE,TRUE,FALSE,FALSE,2,0.095
ERCC5,FALSE,TRUE,FALSE,FALSE,TRUE,FALSE,FALSE,2,0.095
ERRFI1,FALSE,FALSE,FALSE,FALSE,TRUE,FALSE,FALSE,1,0.033
ETV4,FALSE,TRUE,FALSE,FALSE,TRUE,FALSE,FALSE,2,0.095
ETV5,FALSE,TRUE,FALSE,FALSE,TRUE,FALSE,FALSE,2,0.095
EWSR1,FALSE,TRUE,FALSE,FALSE,TRUE,TRUE,FALSE,3,0.215
FANCD2,FALSE,TRUE,FALSE,FALSE,TRUE,FALSE,FALSE,2,0.095
FAT1,TRUE,TRUE,FALSE,TRUE,TRUE,FALSE,FALSE,4,0.349
FBXO11,FALSE,TRUE,FALSE,FALSE,TRUE,TRUE,FALSE,3,0.215
FOXA1,TRUE,TRUE,TRUE,TRUE,TRUE,TRUE,FALSE,6,0.746
GLI1,FALSE,FALSE,FALSE,FALSE,TRUE,FALSE,FALSE,1,0.033
GNA13,TRUE,FALSE,FALSE,TRUE,TRUE,FALSE,FALSE,3,0.288
H3F3B,FALSE,TRUE,FALSE,FALSE,TRUE,FALSE,FALSE,2,0.095
HDAC1,FALSE,FALSE,FALSE,FALSE,TRUE,FALSE,FALSE,1,0.033
HIST1H1C,TRUE,FALSE,TRUE,FALSE,TRUE,FALSE,FALSE,3,0.427
HLA-A,TRUE,TRUE,FALSE,TRUE,TRUE,TRUE,FALSE,5,0.470
INHBA,FALSE,FALSE,FALSE,FALSE,TRUE,FALSE,FALSE,1,0.033
LATS1,TRUE,FALSE,FALSE,FALSE,TRUE,FALSE,FALSE,2,0.151
LATS2,TRUE,FALSE,FALSE,FALSE,TRUE,FALSE,FALSE,2,0.151
LYN,FALSE,FALSE,FALSE,FALSE,TRUE,TRUE,FALSE,2,0.154
MAF,FALSE,TRUE,FALSE,FALSE,TRUE,FALSE,FALSE,2,0.095
MAP3K14,FALSE,FALSE,FALSE,FALSE,TRUE,FALSE,FALSE,1,0.033
MAX,TRUE,TRUE,FALSE,FALSE,TRUE,TRUE,FALSE,4,0.333
MLLT1,FALSE,TRUE,FALSE,FALSE,TRUE,FALSE,FALSE,2,0.095
MST1R,FALSE,FALSE,FALSE,FALSE,TRUE,FALSE,FALSE,1,0.033
MYOD1,FALSE,TRUE,FALSE,FALSE,TRUE,FALSE,FALSE,2,0.095
NCOR2,FALSE,TRUE,FALSE,FALSE,TRUE,TRUE,FALSE,3,0.215
NOTCH3,FALSE,FALSE,FALSE,FALSE,TRUE,FALSE,FALSE,1,0.033
NUP93,TRUE,FALSE,FALSE,FALSE,TRUE,TRUE,FALSE,3,0.271
PARK2,FALSE,FALSE,FALSE,FALSE,TRUE,FALSE,FALSE,1,0.033
PARP1,FALSE,FALSE,FALSE,FALSE,TRUE,FALSE,FALSE,1,0.033
PHOX2B,FALSE,TRUE,FALSE,FALSE,TRUE,FALSE,FALSE,2,0.095
PIK3C2G,FALSE,FALSE,FALSE,FALSE,TRUE,FALSE,FALSE,1,0.033
PIK3CG,TRUE,FALSE,TRUE,FALSE,TRUE,TRUE,FALSE,4,0.547
PIK3R2,TRUE,FALSE,FALSE,FALSE,TRUE,FALSE,FALSE,2,0.151
PLCG2,FALSE,FALSE,FALSE,TRUE,TRUE,FALSE,FALSE,2,0.170
PPM1D,TRUE,TRUE,FALSE,TRUE,TRUE,FALSE,FALSE,4,0.349
PPP6C,TRUE,TRUE,FALSE,TRUE,TRUE,FALSE,FALSE,4,0.349
PREX2,FALSE,TRUE,FALSE,FALSE,TRUE,FALSE,FALSE,2,0.095
PRKCI,FALSE,FALSE,FALSE,FALSE,TRUE,FALSE,FALSE,1,0.033
PTPRT,FALSE,TRUE,FALSE,FALSE,TRUE,FALSE,FALSE,2,0.095
RAD50,FALSE,FALSE,FALSE,FALSE,TRUE,FALSE,FALSE,1,0.033
RAD51C,FALSE,FALSE,FALSE,FALSE,TRUE,FALSE,FALSE,1,0.033
RAD51D,FALSE,FALSE,FALSE,FALSE,TRUE,FALSE,FALSE,1,0.033
RAD52,FALSE,FALSE,FALSE,FALSE,TRUE,FALSE,FALSE,1,0.033
RAD54L,FALSE,FALSE,FALSE,FALSE,TRUE,FALSE,FALSE,1,0.033
RECQL4,FALSE,TRUE,FALSE,FALSE,TRUE,FALSE,FALSE,2,0.095
RUNX1T1,FALSE,TRUE,FALSE,FALSE,TRUE,FALSE,FALSE,2,0.095
SDHAF2,FALSE,TRUE,FALSE,FALSE,TRUE,FALSE,FALSE,2,0.095
SGK1,FALSE,FALSE,FALSE,TRUE,TRUE,TRUE,FALSE,3,0.291
SH2B3,FALSE,TRUE,FALSE,FALSE,TRUE,FALSE,FALSE,2,0.095
SMAD3,FALSE,TRUE,FALSE,FALSE,TRUE,FALSE,FALSE,2,0.095
SMARCD1,FALSE,TRUE,FALSE,FALSE,TRUE,FALSE,FALSE,2,0.095
STAT5A,FALSE,FALSE,FALSE,FALSE,TRUE,FALSE,FALSE,1,0.033
STAT6,FALSE,TRUE,FALSE,FALSE,TRUE,FALSE,FALSE,2,0.095
TBL1XR1,TRUE,TRUE,TRUE,TRUE,TRUE,TRUE,FALSE,6,0.746
TCF7L2,TRUE,TRUE,FALSE,TRUE,TRUE,TRUE,FALSE,5,0.470
TEK,FALSE,FALSE,FALSE,FALSE,TRUE,FALSE,FALSE,1,0.033
TMEM127,FALSE,TRUE,FALSE,FALSE,TRUE,FALSE,FALSE,2,0.095
TRAF2,FALSE,FALSE,FALSE,FALSE,TRUE,FALSE,FALSE,1,0.033
VEGFA,FALSE,FALSE,FALSE,FALSE,TRUE,FALSE,FALSE,1,0.033
WWTR1,FALSE,TRUE,FALSE,FALSE,TRUE,FALSE,FALSE,2,0.095
XRCC2,FALSE,FALSE,FALSE,FALSE,TRUE,FALSE,FALSE,1,0.033
ZFHX3,TRUE,TRUE,FALSE,TRUE,TRUE,TRUE,FALSE,5,0.470
ABL2,FALSE,TRUE,FALSE,FALSE,TRUE,FALSE,FALSE,2,0.095
AGO2,FALSE,FALSE,FALSE,FALSE,TRUE,FALSE,FALSE,1,0.033
ANKRD11,FALSE,FALSE,FALSE,FALSE,TRUE,FALSE,FALSE,1,0.033
ARID5B,TRUE,FALSE,TRUE,TRUE,TRUE,TRUE,FALSE,5,0.684
ASXL2,TRUE,FALSE,FALSE,TRUE,TRUE,FALSE,FALSE,3,0.288
ATF1,FALSE,TRUE,FALSE,FALSE,TRUE,FALSE,FALSE,2,0.095
BABAM1,FALSE,FALSE,FALSE,FALSE,TRUE,FALSE,FALSE,1,0.033
BBC3,FALSE,FALSE,FALSE,FALSE,TRUE,FALSE,FALSE,1,0.033
BCL2L11,TRUE,FALSE,FALSE,FALSE,TRUE,FALSE,FALSE,2,0.151
BCL9,FALSE,TRUE,FALSE,FALSE,TRUE,FALSE,FALSE,2,0.095
CARM1,FALSE,FALSE,FALSE,FALSE,TRUE,TRUE,FALSE,2,0.154
CD276,FALSE,FALSE,FALSE,FALSE,TRUE,FALSE,FALSE,1,0.033
CD58,FALSE,FALSE,FALSE,FALSE,TRUE,FALSE,FALSE,1,0.033
CDC42,FALSE,FALSE,FALSE,FALSE,TRUE,FALSE,FALSE,1,0.033
CENPA,FALSE,FALSE,FALSE,FALSE,TRUE,FALSE,FALSE,1,0.033
CSDE1,TRUE,FALSE,FALSE,FALSE,TRUE,TRUE,FALSE,3,0.271
CTLA4,FALSE,FALSE,FALSE,FALSE,TRUE,FALSE,FALSE,1,0.033
CYSLTR2,TRUE,FALSE,FALSE,FALSE,TRUE,FALSE,FALSE,2,0.151
DCUN1D1,FALSE,FALSE,FALSE,FALSE,TRUE,FALSE,FALSE,1,0.033
DDIT3,FALSE,TRUE,FALSE,FALSE,TRUE,FALSE,FALSE,2,0.095
DEK,FALSE,TRUE,FALSE,FALSE,TRUE,FALSE,FALSE,2,0.095
DNMT3B,FALSE,FALSE,FALSE,FALSE,TRUE,FALSE,FALSE,1,0.033
DTX1,FALSE,FALSE,FALSE,FALSE,TRUE,FALSE,FALSE,1,0.033
DUSP22,FALSE,FALSE,FALSE,FALSE,TRUE,FALSE,FALSE,1,0.033
DUSP4,FALSE,FALSE,FALSE,FALSE,TRUE,FALSE,FALSE,1,0.033
E2F3,FALSE,FALSE,FALSE,FALSE,TRUE,FALSE,FALSE,1,0.033
EGFL7,FALSE,FALSE,FALSE,FALSE,TRUE,FALSE,FALSE,1,0.033
EIF1AX,TRUE,FALSE,FALSE,FALSE,TRUE,FALSE,FALSE,2,0.151
EIF4E,FALSE,FALSE,FALSE,FALSE,TRUE,FALSE,FALSE,1,0.033
ELF3,TRUE,FALSE,TRUE,TRUE,TRUE,TRUE,FALSE,5,0.684
EPCAM,FALSE,FALSE,FALSE,FALSE,TRUE,FALSE,FALSE,1,0.033
ERF,FALSE,FALSE,FALSE,FALSE,TRUE,FALSE,FALSE,1,0.033
ETNK1,FALSE,TRUE,FALSE,FALSE,TRUE,FALSE,FALSE,2,0.095
EZH1,FALSE,FALSE,FALSE,TRUE,TRUE,FALSE,FALSE,2,0.170
FAM175A,FALSE,FALSE,FALSE,FALSE,TRUE,FALSE,FALSE,1,0.033
FAM58A,FALSE,FALSE,FALSE,FALSE,TRUE,FALSE,FALSE,1,0.033
FANCG,FALSE,TRUE,FALSE,FALSE,TRUE,FALSE,FALSE,2,0.095
FEV,FALSE,TRUE,FALSE,FALSE,TRUE,FALSE,FALSE,2,0.095
FLI1,FALSE,TRUE,FALSE,FALSE,TRUE,FALSE,FALSE,2,0.095
FYN,FALSE,FALSE,FALSE,FALSE,TRUE,FALSE,FALSE,1,0.033
GNA12,FALSE,FALSE,FALSE,FALSE,TRUE,FALSE,FALSE,1,0.033
GNB1,FALSE,FALSE,FALSE,TRUE,TRUE,FALSE,FALSE,2,0.170
GPS2,TRUE,FALSE,FALSE,TRUE,TRUE,TRUE,FALSE,4,0.408
GREM1,FALSE,FALSE,FALSE,FALSE,TRUE,FALSE,FALSE,1,0.033
H3F3C,TRUE,FALSE,TRUE,FALSE,TRUE,TRUE,FALSE,4,0.547
HDAC4,FALSE,FALSE,FALSE,FALSE,TRUE,FALSE,FALSE,1,0.033
HDAC7,FALSE,FALSE,FALSE,FALSE,TRUE,FALSE,FALSE,1,0.033
HIF1A,FALSE,TRUE,FALSE,FALSE,TRUE,FALSE,FALSE,2,0.095
HIST1H1D,FALSE,FALSE,FALSE,FALSE,TRUE,FALSE,FALSE,1,0.033
HIST1H1E,TRUE,FALSE,FALSE,TRUE,TRUE,FALSE,FALSE,3,0.288
HIST1H2AC,FALSE,FALSE,FALSE,FALSE,TRUE,FALSE,FALSE,1,0.033
HIST1H2AG,FALSE,FALSE,FALSE,FALSE,TRUE,FALSE,FALSE,1,0.033
HIST1H2AL,FALSE,FALSE,FALSE,FALSE,TRUE,FALSE,FALSE,1,0.033
HIST1H2AM,FALSE,FALSE,FALSE,FALSE,TRUE,FALSE,FALSE,1,0.033
HIST1H2BC,FALSE,FALSE,FALSE,FALSE,TRUE,FALSE,FALSE,1,0.033
HIST1H2BD,FALSE,FALSE,TRUE,FALSE,TRUE,FALSE,FALSE,2,0.309
HIST1H2BJ,FALSE,FALSE,FALSE,FALSE,TRUE,FALSE,FALSE,1,0.033
HIST1H2BK,FALSE,FALSE,FALSE,FALSE,TRUE,FALSE,FALSE,1,0.033
HIST1H2BO,FALSE,FALSE,FALSE,FALSE,TRUE,FALSE,FALSE,1,0.033
HIST1H3A,FALSE,FALSE,FALSE,FALSE,TRUE,FALSE,FALSE,1,0.033
HIST1H3C,FALSE,FALSE,FALSE,FALSE,TRUE,FALSE,FALSE,1,0.033
HIST1H3D,FALSE,FALSE,FALSE,FALSE,TRUE,FALSE,FALSE,1,0.033
HIST1H3E,FALSE,FALSE,FALSE,FALSE,TRUE,FALSE,FALSE,1,0.033
HIST1H3F,FALSE,FALSE,FALSE,FALSE,TRUE,FALSE,FALSE,1,0.033
HIST1H3G,FALSE,FALSE,FALSE,FALSE,TRUE,FALSE,FALSE,1,0.033
HIST1H3H,FALSE,FALSE,FALSE,FALSE,TRUE,FALSE,FALSE,1,0.033
HIST1H3I,FALSE,FALSE,FALSE,FALSE,TRUE,FALSE,FALSE,1,0.033
HIST1H3J,FALSE,FALSE,FALSE,FALSE,TRUE,FALSE,FALSE,1,0.033
HIST2H3C,FALSE,FALSE,FALSE,FALSE,TRUE,FALSE,FALSE,1,0.033
HIST2H3D,FALSE,FALSE,FALSE,FALSE,TRUE,FALSE,FALSE,1,0.033
HIST3H3,FALSE,FALSE,FALSE,FALSE,TRUE,FALSE,FALSE,1,0.033
HLA-B,TRUE,FALSE,FALSE,TRUE,TRUE,TRUE,FALSE,4,0.408
HOXB13,FALSE,FALSE,FALSE,FALSE,TRUE,FALSE,FALSE,1,0.033
ICOSLG,FALSE,FALSE,FALSE,FALSE,TRUE,FALSE,FALSE,1,0.033
IFNGR1,FALSE,FALSE,FALSE,FALSE,TRUE,FALSE,FALSE,1,0.033
IGF1,FALSE,FALSE,FALSE,FALSE,TRUE,FALSE,FALSE,1,0.033
IGF2,FALSE,FALSE,FALSE,FALSE,TRUE,FALSE,FALSE,1,0.033
IKZF3,FALSE,FALSE,FALSE,FALSE,TRUE,FALSE,FALSE,1,0.033
IL10,FALSE,FALSE,FALSE,FALSE,TRUE,FALSE,FALSE,1,0.033
INHA,FALSE,FALSE,FALSE,FALSE,TRUE,FALSE,FALSE,1,0.033
INPP4A,FALSE,FALSE,FALSE,FALSE,TRUE,FALSE,FALSE,1,0.033
INPPL1,TRUE,FALSE,FALSE,TRUE,TRUE,FALSE,FALSE,3,0.288
INSR,FALSE,FALSE,FALSE,FALSE,TRUE,FALSE,FALSE,1,0.033
IRF1,FALSE,FALSE,FALSE,FALSE,TRUE,FALSE,FALSE,1,0.033
IRF8,FALSE,FALSE,FALSE,FALSE,TRUE,FALSE,FALSE,1,0.033
IRS1,FALSE,FALSE,FALSE,FALSE,TRUE,FALSE,FALSE,1,0.033
JARID2,FALSE,FALSE,FALSE,FALSE,TRUE,FALSE,FALSE,1,0.033
KAT6A,FALSE,TRUE,FALSE,FALSE,TRUE,FALSE,FALSE,2,0.095
KMT2B,TRUE,FALSE,FALSE,TRUE,TRUE,FALSE,FALSE,3,0.288
KMT5A,FALSE,FALSE,FALSE,FALSE,TRUE,FALSE,FALSE,1,0.033
KNSTRN,FALSE,FALSE,FALSE,FALSE,TRUE,FALSE,FALSE,1,0.033
LCK,FALSE,TRUE,FALSE,FALSE,TRUE,FALSE,FALSE,2,0.095
LMO2,FALSE,TRUE,FALSE,FALSE,TRUE,FALSE,FALSE,2,0.095
LZTR1,TRUE,TRUE,FALSE,FALSE,TRUE,TRUE,FALSE,4,0.333
MAFB,FALSE,TRUE,FALSE,FALSE,TRUE,FALSE,FALSE,2,0.095
MAPK3,FALSE,FALSE,FALSE,FALSE,TRUE,FALSE,FALSE,1,0.033
MAPKAP1,FALSE,FALSE,FALSE,FALSE,TRUE,FALSE,FALSE,1,0.033
MDC1,FALSE,FALSE,FALSE,FALSE,TRUE,TRUE,FALSE,2,0.154
MECOM,TRUE,TRUE,TRUE,FALSE,TRUE,TRUE,FALSE,5,0.609
MGA,TRUE,FALSE,FALSE,TRUE,TRUE,FALSE,FALSE,3,0.288
MLLT10,FALSE,TRUE,FALSE,FALSE,TRUE,TRUE,FALSE,3,0.215
MSI1,FALSE,FALSE,FALSE,FALSE,TRUE,FALSE,FALSE,1,0.033
MST1,FALSE,FALSE,FALSE,FALSE,TRUE,TRUE,FALSE,2,0.154
MTAP,FALSE,FALSE,FALSE,FALSE,TRUE,FALSE,FALSE,1,0.033
MYB,FALSE,TRUE,FALSE,TRUE,TRUE,TRUE,FALSE,4,0.352
NCOA3,FALSE,FALSE,FALSE,FALSE,TRUE,TRUE,TRUE,3,0.408
NCSTN,FALSE,FALSE,FALSE,FALSE,TRUE,FALSE,FALSE,1,0.033
NEGR1,FALSE,FALSE,FALSE,FALSE,TRUE,FALSE,FALSE,1,0.033
NKX3-1,FALSE,FALSE,FALSE,FALSE,TRUE,FALSE,FALSE,1,0.033
NOTCH4,FALSE,FALSE,FALSE,FALSE,TRUE,FALSE,FALSE,1,0.033
NR4A3,FALSE,TRUE,FALSE,FALSE,TRUE,FALSE,FALSE,2,0.095
NTHL1,FALSE,FALSE,FALSE,FALSE,TRUE,FALSE,FALSE,1,0.033
NUF2,FALSE,FALSE,FALSE,FALSE,TRUE,FALSE,FALSE,1,0.033
NUP98,FALSE,TRUE,FALSE,FALSE,TRUE,TRUE,FALSE,3,0.215
NUTM1,FALSE,TRUE,FALSE,FALSE,TRUE,FALSE,FALSE,2,0.095
PAK1,FALSE,FALSE,FALSE,FALSE,TRUE,FALSE,FALSE,1,0.033
PAK5,FALSE,FALSE,FALSE,FALSE,TRUE,FALSE,FALSE,1,0.033
PCBP1,TRUE,FALSE,TRUE,TRUE,TRUE,TRUE,FALSE,5,0.684
PDGFB,FALSE,TRUE,FALSE,FALSE,TRUE,FALSE,FALSE,2,0.095
PDPK1,FALSE,FALSE,FALSE,FALSE,TRUE,FALSE,FALSE,1,0.033
PGR,TRUE,FALSE,FALSE,FALSE,TRUE,FALSE,FALSE,2,0.151
PIK3C3,FALSE,FALSE,FALSE,FALSE,TRUE,FALSE,FALSE,1,0.033
PIK3CD,FALSE,FALSE,FALSE,FALSE,TRUE,FALSE,FALSE,1,0.033
PIK3R3,FALSE,FALSE,FALSE,FALSE,TRUE,FALSE,FALSE,1,0.033
PLCG1,TRUE,TRUE,FALSE,FALSE,TRUE,TRUE,FALSE,4,0.333
PLK2,FALSE,FALSE,FALSE,FALSE,TRUE,FALSE,FALSE,1,0.033
PMAIP1,FALSE,FALSE,FALSE,FALSE,TRUE,FALSE,FALSE,1,0.033
PMS1,TRUE,FALSE,FALSE,FALSE,TRUE,FALSE,FALSE,2,0.151
PNRC1,FALSE,FALSE,FALSE,FALSE,TRUE,FALSE,FALSE,1,0.033
PPP4R2,FALSE,FALSE,FALSE,FALSE,TRUE,FALSE,FALSE,1,0.033
PRDM14,FALSE,FALSE,FALSE,FALSE,TRUE,FALSE,FALSE,1,0.033
PRKD1,FALSE,FALSE,FALSE,FALSE,TRUE,FALSE,FALSE,1,0.033
PTP4A1,FALSE,FALSE,FALSE,FALSE,TRUE,FALSE,FALSE,1,0.033
PTPN2,FALSE,FALSE,FALSE,FALSE,TRUE,FALSE,FALSE,1,0.033
PTPRD,TRUE,FALSE,FALSE,FALSE,TRUE,FALSE,FALSE,2,0.151
PTPRS,FALSE,FALSE,FALSE,FALSE,TRUE,FALSE,FALSE,1,0.033
RAB35,FALSE,FALSE,FALSE,FALSE,TRUE,FALSE,FALSE,1,0.033
RAC2,FALSE,FALSE,FALSE,FALSE,TRUE,FALSE,FALSE,1,0.033
RASA1,TRUE,FALSE,FALSE,TRUE,TRUE,TRUE,FALSE,4,0.408
RBM15,FALSE,TRUE,FALSE,FALSE,TRUE,FALSE,FALSE,2,0.095
RECQL,FALSE,FALSE,FALSE,FALSE,TRUE,FALSE,FALSE,1,0.033
RFWD2,FALSE,FALSE,FALSE,FALSE,TRUE,FALSE,FALSE,1,0.033
RHEB,TRUE,FALSE,FALSE,TRUE,TRUE,TRUE,FALSE,4,0.408
RIT1,TRUE,FALSE,FALSE,TRUE,TRUE,FALSE,FALSE,3,0.288
RPS6KA4,FALSE,FALSE,FALSE,FALSE,TRUE,FALSE,FALSE,1,0.033
RPS6KB2,FALSE,FALSE,FALSE,FALSE,TRUE,FALSE,FALSE,1,0.033
RRAGC,FALSE,FALSE,FALSE,FALSE,TRUE,FALSE,FALSE,1,0.033
RRAS,FALSE,FALSE,FALSE,FALSE,TRUE,FALSE,FALSE,1,0.033
RRAS2,TRUE,FALSE,FALSE,FALSE,TRUE,FALSE,FALSE,2,0.151
RTEL1,FALSE,FALSE,FALSE,FALSE,TRUE,FALSE,FALSE,1,0.033
RXRA,TRUE,FALSE,FALSE,TRUE,TRUE,TRUE,FALSE,4,0.408
RYBP,FALSE,FALSE,FALSE,FALSE,TRUE,FALSE,FALSE,1,0.033
SESN1,FALSE,FALSE,FALSE,FALSE,TRUE,FALSE,FALSE,1,0.033
SESN2,FALSE,FALSE,FALSE,FALSE,TRUE,FALSE,FALSE,1,0.033
SESN3,FALSE,FALSE,FALSE,FALSE,TRUE,FALSE,FALSE,1,0.033
SETDB1,FALSE,FALSE,FALSE,TRUE,TRUE,FALSE,FALSE,2,0.170
SH2D1A,FALSE,FALSE,FALSE,FALSE,TRUE,FALSE,FALSE,1,0.033
SHOC2,FALSE,FALSE,FALSE,FALSE,TRUE,FALSE,FALSE,1,0.033
SHQ1,FALSE,FALSE,FALSE,FALSE,TRUE,FALSE,FALSE,1,0.033
SLX4,FALSE,FALSE,FALSE,FALSE,TRUE,FALSE,FALSE,1,0.033
SMARCE1,FALSE,TRUE,FALSE,FALSE,TRUE,FALSE,FALSE,2,0.095
SMC1A,TRUE,FALSE,TRUE,TRUE,TRUE,TRUE,FALSE,5,0.684
SMC3,TRUE,FALSE,TRUE,TRUE,TRUE,TRUE,FALSE,5,0.684
SMYD3,FALSE,FALSE,FALSE,FALSE,TRUE,FALSE,FALSE,1,0.033
SOS1,TRUE,FALSE,FALSE,TRUE,TRUE,TRUE,FALSE,4,0.408
SOX17,TRUE,FALSE,TRUE,TRUE,TRUE,TRUE,FALSE,5,0.684
SPRED1,FALSE,FALSE,FALSE,FALSE,TRUE,FALSE,FALSE,1,0.033
SS18,FALSE,TRUE,FALSE,FALSE,TRUE,FALSE,FALSE,2,0.095
STK19,FALSE,FALSE,FALSE,TRUE,TRUE,FALSE,FALSE,2,0.170
STK40,FALSE,FALSE,FALSE,FALSE,TRUE,FALSE,FALSE,1,0.033
TAL1,FALSE,TRUE,FALSE,FALSE,TRUE,FALSE,FALSE,2,0.095
TAP1,FALSE,FALSE,FALSE,TRUE,TRUE,FALSE,FALSE,2,0.170
TAP2,FALSE,FALSE,FALSE,FALSE,TRUE,FALSE,FALSE,1,0.033
TCEB1,TRUE,FALSE,FALSE,FALSE,TRUE,FALSE,FALSE,2,0.151
TCL1A,FALSE,TRUE,FALSE,FALSE,TRUE,FALSE,FALSE,2,0.095
TFE3,FALSE,TRUE,FALSE,FALSE,TRUE,FALSE,FALSE,2,0.095
TGFBR1,FALSE,FALSE,FALSE,FALSE,TRUE,FALSE,FALSE,1,0.033
TLX1,FALSE,TRUE,FALSE,FALSE,TRUE,FALSE,FALSE,2,0.095
TLX3,FALSE,TRUE,FALSE,FALSE,TRUE,FALSE,FALSE,2,0.095
TP53BP1,FALSE,FALSE,FALSE,TRUE,TRUE,TRUE,FALSE,3,0.291
TRAF3,TRUE,FALSE,FALSE,TRUE,TRUE,FALSE,FALSE,3,0.288
TRAF5,FALSE,FALSE,FALSE,FALSE,TRUE,FALSE,FALSE,1,0.033
TYK2,FALSE,FALSE,FALSE,FALSE,TRUE,FALSE,FALSE,1,0.033
U2AF2,FALSE,FALSE,FALSE,FALSE,TRUE,FALSE,FALSE,1,0.033
UBR5,FALSE,TRUE,FALSE,FALSE,TRUE,FALSE,FALSE,2,0.095
UPF1,FALSE,FALSE,FALSE,FALSE,TRUE,FALSE,FALSE,1,0.033
USP8,FALSE,TRUE,FALSE,FALSE,TRUE,FALSE,FALSE,2,0.095
VTCN1,FALSE,FALSE,FALSE,FALSE,TRUE,FALSE,FALSE,1,0.033
XBP1,FALSE,FALSE,FALSE,FALSE,TRUE,FALSE,FALSE,1,0.033
XIAP,FALSE,FALSE,FALSE,FALSE,TRUE,FALSE,FALSE,1,0.033
YAP1,FALSE,FALSE,FALSE,FALSE,TRUE,FALSE,FALSE,1,0.033
YES1,FALSE,FALSE,FALSE,FALSE,TRUE,FALSE,FALSE,1,0.033
ABI1,FALSE,TRUE,FALSE,FALSE,TRUE,FALSE,FALSE,2,0.095
ACTG1,FALSE,FALSE,FALSE,FALSE,TRUE,FALSE,FALSE,1,0.033
ACVR1B,TRUE,FALSE,TRUE,TRUE,TRUE,TRUE,TRUE,6,0.938
AFDN,FALSE,TRUE,FALSE,FALSE,TRUE,FALSE,FALSE,2,0.095
AFF1,FALSE,TRUE,FALSE,FALSE,TRUE,FALSE,FALSE,2,0.095
AFF4,FALSE,TRUE,FALSE,FALSE,TRUE,FALSE,FALSE,2,0.095
AGO1,FALSE,FALSE,FALSE,FALSE,TRUE,FALSE,FALSE,1,0.033
ALB,TRUE,FALSE,FALSE,FALSE,TRUE,FALSE,FALSE,2,0.151
APLNR,FALSE,FALSE,FALSE,FALSE,TRUE,FALSE,FALSE,1,0.033
ARFRP1,FALSE,FALSE,FALSE,FALSE,TRUE,FALSE,FALSE,1,0.033
ARHGAP26,FALSE,TRUE,FALSE,FALSE,TRUE,FALSE,FALSE,2,0.095
ARHGAP35,TRUE,FALSE,TRUE,TRUE,TRUE,TRUE,FALSE,5,0.684
ARHGEF12,FALSE,TRUE,FALSE,FALSE,TRUE,FALSE,FALSE,2,0.095
ARHGEF28,FALSE,FALSE,FALSE,FALSE,TRUE,FALSE,FALSE,1,0.033
ARID3A,FALSE,FALSE,FALSE,FALSE,TRUE,FALSE,FALSE,1,0.033
ARID3B,FALSE,FALSE,FALSE,FALSE,TRUE,FALSE,FALSE,1,0.033
ARID3C,FALSE,FALSE,FALSE,FALSE,TRUE,FALSE,FALSE,1,0.033
ARID4A,FALSE,FALSE,FALSE,FALSE,TRUE,FALSE,FALSE,1,0.033
ARID4B,FALSE,FALSE,FALSE,FALSE,TRUE,FALSE,FALSE,1,0.033
ARID5A,FALSE,FALSE,FALSE,FALSE,TRUE,FALSE,FALSE,1,0.033
ARNT,FALSE,TRUE,FALSE,FALSE,TRUE,FALSE,FALSE,2,0.095
ATIC,FALSE,TRUE,FALSE,FALSE,TRUE,FALSE,FALSE,2,0.095
ATP6AP1,FALSE,FALSE,FALSE,FALSE,TRUE,FALSE,FALSE,1,0.033
ATP6V1B2,FALSE,FALSE,FALSE,FALSE,TRUE,FALSE,FALSE,1,0.033
ATXN2,FALSE,FALSE,FALSE,FALSE,TRUE,FALSE,FALSE,1,0.033
ATXN7,FALSE,FALSE,FALSE,FALSE,TRUE,FALSE,FALSE,1,0.033
BACH2,FALSE,FALSE,FALSE,FALSE,TRUE,FALSE,FALSE,1,0.033
BCL11A,FALSE,TRUE,FALSE,FALSE,TRUE,FALSE,FALSE,2,0.095
BCL2L2,FALSE,FALSE,FALSE,FALSE,TRUE,FALSE,FALSE,1,0.033
BCL3,FALSE,TRUE,FALSE,FALSE,TRUE,FALSE,FALSE,2,0.095
BCL7A,FALSE,TRUE,FALSE,FALSE,TRUE,FALSE,FALSE,2,0.095
BTG2,TRUE,FALSE,FALSE,FALSE,TRUE,FALSE,FALSE,2,0.151
CAMTA1,FALSE,TRUE,FALSE,FALSE,TRUE,FALSE,FALSE,2,0.095
CARS,FALSE,TRUE,FALSE,FALSE,TRUE,FALSE,FALSE,2,0.095
CBFA2T3,FALSE,TRUE,FALSE,FALSE,TRUE,FALSE,FALSE,2,0.095
CD22,FALSE,FALSE,FALSE,FALSE,TRUE,FALSE,FALSE,1,0.033
CD28,FALSE,FALSE,FALSE,FALSE,TRUE,FALSE,FALSE,1,0.033
CD70,TRUE,FALSE,FALSE,TRUE,TRUE,FALSE,FALSE,3,0.288
CD74,FALSE,TRUE,FALSE,FALSE,TRUE,FALSE,FALSE,2,0.095
CDX2,FALSE,TRUE,FALSE,FALSE,TRUE,FALSE,FALSE,2,0.095
CLTC,FALSE,TRUE,FALSE,FALSE,TRUE,TRUE,FALSE,3,0.215
CLTCL1,FALSE,TRUE,FALSE,FALSE,TRUE,TRUE,FALSE,3,0.215
CMTR2,FALSE,FALSE,FALSE,FALSE,TRUE,FALSE,FALSE,1,0.033
CNTRL,FALSE,TRUE,FALSE,FALSE,TRUE,FALSE,FALSE,2,0.095
COL1A1,FALSE,TRUE,FALSE,FALSE,TRUE,FALSE,FALSE,2,0.095
CRBN,FALSE,FALSE,FALSE,FALSE,TRUE,FALSE,FALSE,1,0.033
CREB1,FALSE,TRUE,FALSE,FALSE,TRUE,TRUE,FALSE,3,0.215
CREB3L1,FALSE,TRUE,FALSE,FALSE,TRUE,FALSE,FALSE,2,0.095
CREB3L2,FALSE,TRUE,FALSE,FALSE,TRUE,FALSE,FALSE,2,0.095
CTNNA1,FALSE,FALSE,FALSE,FALSE,TRUE,FALSE,FALSE,1,0.033
CTR9,FALSE,FALSE,FALSE,FALSE,TRUE,FALSE,FALSE,1,0.033
CXORF67,FALSE,FALSE,FALSE,FALSE,TRUE,FALSE,FALSE,1,0.033
CYP19A1,FALSE,FALSE,FALSE,FALSE,TRUE,FALSE,FALSE,1,0.033
DDX10,FALSE,TRUE,FALSE,FALSE,TRUE,FALSE,FALSE,2,0.095
DDX6,FALSE,TRUE,FALSE,FALSE,TRUE,FALSE,FALSE,2,0.095
DNM2,FALSE,TRUE,FALSE,FALSE,TRUE,FALSE,FALSE,2,0.095
EBF1,FALSE,TRUE,FALSE,FALSE,TRUE,FALSE,FALSE,2,0.095
ECT2L,FALSE,FALSE,FALSE,FALSE,TRUE,FALSE,FALSE,1,0.033
EGR1,FALSE,FALSE,FALSE,FALSE,TRUE,FALSE,FALSE,1,0.033
ELF4,FALSE,TRUE,FALSE,FALSE,TRUE,FALSE,FALSE,2,0.095
ELL,FALSE,TRUE,FALSE,FALSE,TRUE,FALSE,FALSE,2,0.095
EML4,FALSE,TRUE,FALSE,FALSE,TRUE,FALSE,FALSE,2,0.095
EMSY,FALSE,FALSE,FALSE,FALSE,TRUE,FALSE,FALSE,1,0.033
EP400,FALSE,FALSE,FALSE,FALSE,TRUE,FALSE,FALSE,1,0.033
EPOR,FALSE,FALSE,FALSE,FALSE,TRUE,FALSE,FALSE,1,0.033
EPS15,FALSE,TRUE,FALSE,FALSE,TRUE,FALSE,FALSE,2,0.095
ESCO2,FALSE,FALSE,FALSE,FALSE,TRUE,FALSE,FALSE,1,0.033
ETAA1,FALSE,FALSE,FALSE,FALSE,TRUE,FALSE,FALSE,1,0.033
EZR,FALSE,TRUE,FALSE,TRUE,TRUE,FALSE,FALSE,3,0.232
FANCE,FALSE,TRUE,FALSE,FALSE,TRUE,FALSE,FALSE,2,0.095
FANCF,FALSE,TRUE,FALSE,FALSE,TRUE,FALSE,FALSE,2,0.095
FANCL,FALSE,FALSE,FALSE,FALSE,TRUE,FALSE,FALSE,1,0.033
FCGR2B,FALSE,TRUE,FALSE,FALSE,TRUE,FALSE,FALSE,2,0.095
FCRL4,FALSE,TRUE,FALSE,FALSE,TRUE,FALSE,FALSE,2,0.095
FGF10,FALSE,FALSE,FALSE,FALSE,TRUE,FALSE,FALSE,1,0.033
FGF14,FALSE,FALSE,FALSE,FALSE,TRUE,FALSE,FALSE,1,0.033
FGF23,FALSE,FALSE,FALSE,FALSE,TRUE,FALSE,FALSE,1,0.033
FGF6,FALSE,FALSE,FALSE,FALSE,TRUE,FALSE,FALSE,1,0.033
FGFR1OP,FALSE,TRUE,FALSE,FALSE,TRUE,FALSE,FALSE,2,0.095
FHIT,FALSE,TRUE,FALSE,FALSE,TRUE,FALSE,FALSE,2,0.095
FOXF1,FALSE,FALSE,FALSE,FALSE,TRUE,FALSE,FALSE,1,0.033
FOXO3,FALSE,TRUE,FALSE,FALSE,TRUE,FALSE,FALSE,2,0.095
FOXO4,FALSE,TRUE,FALSE,FALSE,TRUE,FALSE,FALSE,2,0.095
FSTL3,FALSE,TRUE,FALSE,FALSE,TRUE,FALSE,FALSE,2,0.095
FURIN,FALSE,FALSE,FALSE,FALSE,TRUE,FALSE,FALSE,1,0.033
FUS,FALSE,TRUE,FALSE,FALSE,TRUE,FALSE,FALSE,2,0.095
GAB1,FALSE,FALSE,FALSE,FALSE,TRUE,FALSE,FALSE,1,0.033
GAB2,FALSE,FALSE,FALSE,FALSE,TRUE,FALSE,FALSE,1,0.033
GAS7,FALSE,TRUE,FALSE,FALSE,TRUE,FALSE,FALSE,2,0.095
GID4,FALSE,FALSE,FALSE,FALSE,TRUE,FALSE,FALSE,1,0.033
GPHN,FALSE,TRUE,FALSE,FALSE,TRUE,TRUE,FALSE,3,0.215
GTF2I,TRUE,FALSE,FALSE,FALSE,TRUE,FALSE,FALSE,2,0.151
HERPUD1,FALSE,TRUE,FALSE,FALSE,TRUE,FALSE,FALSE,2,0.095
HEY1,FALSE,TRUE,FALSE,FALSE,TRUE,FALSE,FALSE,2,0.095
HIP1,FALSE,TRUE,FALSE,FALSE,TRUE,FALSE,FALSE,2,0.095
HIST1H1B,FALSE,FALSE,FALSE,FALSE,TRUE,FALSE,FALSE,1,0.033
HIST1H2BG,FALSE,FALSE,FALSE,FALSE,TRUE,FALSE,FALSE,1,0.033
HIST1H4I,FALSE,TRUE,FALSE,FALSE,TRUE,FALSE,FALSE,2,0.095
HLA-C,FALSE,FALSE,FALSE,FALSE,TRUE,FALSE,FALSE,1,0.033
HLF,FALSE,TRUE,FALSE,FALSE,TRUE,FALSE,FALSE,2,0.095
HMGA1,FALSE,TRUE,FALSE,FALSE,TRUE,FALSE,FALSE,2,0.095
HMGA2,FALSE,TRUE,FALSE,FALSE,TRUE,FALSE,FALSE,2,0.095
HOXA11,FALSE,TRUE,FALSE,FALSE,TRUE,FALSE,FALSE,2,0.095
HOXA13,FALSE,TRUE,FALSE,FALSE,TRUE,FALSE,FALSE,2,0.095
HOXA9,FALSE,TRUE,FALSE,FALSE,TRUE,FALSE,FALSE,2,0.095
HOXC11,FALSE,TRUE,FALSE,FALSE,TRUE,FALSE,FALSE,2,0.095
HOXC13,FALSE,TRUE,FALSE,FALSE,TRUE,FALSE,FALSE,2,0.095
HOXD11,FALSE,TRUE,FALSE,FALSE,TRUE,FALSE,FALSE,2,0.095
HOXD13,FALSE,TRUE,FALSE,FALSE,TRUE,FALSE,FALSE,2,0.095
HSP90AA1,FALSE,TRUE,FALSE,FALSE,TRUE,FALSE,FALSE,2,0.095
HSP90AB1,FALSE,TRUE,FALSE,TRUE,TRUE,TRUE,FALSE,4,0.352
IGH,FALSE,FALSE,FALSE,FALSE,TRUE,FALSE,FALSE,1,0.033
IGK,FALSE,FALSE,FALSE,FALSE,TRUE,FALSE,FALSE,1,0.033
IGL,FALSE,FALSE,FALSE,FALSE,TRUE,FALSE,FALSE,1,0.033
IL21R,FALSE,TRUE,FALSE,FALSE,TRUE,FALSE,FALSE,2,0.095
IL3,FALSE,FALSE,FALSE,FALSE,TRUE,FALSE,FALSE,1,0.033
ITK,FALSE,TRUE,FALSE,FALSE,TRUE,FALSE,FALSE,2,0.095
KBTBD4,FALSE,FALSE,FALSE,FALSE,TRUE,FALSE,FALSE,1,0.033
KDSR,FALSE,TRUE,FALSE,FALSE,TRUE,FALSE,FALSE,2,0.095
KIF5B,FALSE,TRUE,FALSE,FALSE,TRUE,FALSE,FALSE,2,0.095
KLF5,TRUE,FALSE,FALSE,FALSE,TRUE,FALSE,FALSE,2,0.151
KLHL6,FALSE,FALSE,FALSE,FALSE,TRUE,FALSE,FALSE,1,0.033
KSR2,FALSE,FALSE,FALSE,FALSE,TRUE,FALSE,FALSE,1,0.033
LASP1,FALSE,TRUE,FALSE,FALSE,TRUE,FALSE,FALSE,2,0.095
LEF1,FALSE,TRUE,FALSE,FALSE,TRUE,FALSE,FALSE,2,0.095
LPP,FALSE,TRUE,FALSE,FALSE,TRUE,TRUE,FALSE,3,0.215
LRP1B,FALSE,TRUE,FALSE,FALSE,TRUE,FALSE,FALSE,2,0.095
LTB,FALSE,FALSE,FALSE,FALSE,TRUE,FALSE,FALSE,1,0.033
LYL1,FALSE,TRUE,FALSE,FALSE,TRUE,FALSE,FALSE,2,0.095
MAD2L2,FALSE,FALSE,FALSE,FALSE,TRUE,FALSE,FALSE,1,0.033
MGAM,FALSE,FALSE,FALSE,FALSE,TRUE,FALSE,FALSE,1,0.033
MLF1,FALSE,TRUE,FALSE,FALSE,TRUE,FALSE,FALSE,2,0.095
MLLT3,FALSE,TRUE,FALSE,FALSE,TRUE,TRUE,FALSE,3,0.215
MLLT6,FALSE,TRUE,FALSE,FALSE,TRUE,FALSE,FALSE,2,0.095
MN1,FALSE,TRUE,FALSE,FALSE,TRUE,TRUE,FALSE,3,0.215
MOB3B,FALSE,FALSE,FALSE,FALSE,TRUE,FALSE,FALSE,1,0.033
MPEG1,FALSE,FALSE,FALSE,FALSE,TRUE,FALSE,FALSE,1,0.033
MRTFA,FALSE,FALSE,FALSE,FALSE,TRUE,FALSE,FALSE,1,0.033
MSN,FALSE,TRUE,FALSE,FALSE,TRUE,TRUE,FALSE,3,0.215
MUC1,FALSE,TRUE,FALSE,FALSE,TRUE,FALSE,FALSE,2,0.095
MYH11,FALSE,TRUE,FALSE,FALSE,TRUE,FALSE,FALSE,2,0.095
MYH9,TRUE,TRUE,FALSE,FALSE,TRUE,TRUE,FALSE,4,0.333
NADK,FALSE,FALSE,FALSE,FALSE,TRUE,FALSE,FALSE,1,0.033
NCOA2,FALSE,TRUE,FALSE,FALSE,TRUE,FALSE,FALSE,2,0.095
NDRG1,FALSE,TRUE,FALSE,FALSE,TRUE,FALSE,FALSE,2,0.095
NFE2,FALSE,FALSE,FALSE,FALSE,TRUE,FALSE,FALSE,1,0.033
NFKB2,FALSE,TRUE,FALSE,FALSE,TRUE,FALSE,FALSE,2,0.095
NIN,FALSE,TRUE,FALSE,FALSE,TRUE,TRUE,FALSE,3,0.215
NRG1,FALSE,TRUE,FALSE,FALSE,TRUE,FALSE,FALSE,2,0.095
NUMA1,FALSE,TRUE,FALSE,FALSE,TRUE,TRUE,FALSE,3,0.215
NUP214,FALSE,TRUE,FALSE,FALSE,TRUE,TRUE,FALSE,3,0.215
NUTM2A,FALSE,TRUE,FALSE,FALSE,TRUE,FALSE,FALSE,2,0.095
PAFAH1B2,FALSE,TRUE,FALSE,FALSE,TRUE,FALSE,FALSE,2,0.095
PAX3,FALSE,TRUE,FALSE,FALSE,TRUE,FALSE,FALSE,2,0.095
PAX7,FALSE,TRUE,FALSE,FALSE,TRUE,FALSE,FALSE,2,0.095
PAX8,FALSE,TRUE,FALSE,FALSE,TRUE,FALSE,FALSE,2,0.095
PBX1,FALSE,TRUE,FALSE,FALSE,TRUE,FALSE,FALSE,2,0.095
PCM1,FALSE,TRUE,FALSE,FALSE,TRUE,TRUE,FALSE,3,0.215
PDE4DIP,FALSE,TRUE,FALSE,FALSE,TRUE,FALSE,FALSE,2,0.095
PDK1,FALSE,FALSE,FALSE,FALSE,TRUE,FALSE,FALSE,1,0.033
PDS5B,TRUE,FALSE,FALSE,FALSE,TRUE,FALSE,FALSE,2,0.151
PER1,FALSE,TRUE,FALSE,FALSE,TRUE,FALSE,FALSE,2,0.095
PGBD5,FALSE,FALSE,FALSE,FALSE,TRUE,FALSE,FALSE,1,0.033
PICALM,FALSE,TRUE,FALSE,FALSE,TRUE,FALSE,FALSE,2,0.095
PIGA,FALSE,FALSE,FALSE,FALSE,TRUE,FALSE,FALSE,1,0.033
PLAG1,FALSE,TRUE,FALSE,FALSE,TRUE,FALSE,FALSE,2,0.095
PML,FALSE,TRUE,FALSE,FALSE,TRUE,FALSE,FALSE,2,0.095
POU2AF1,FALSE,TRUE,FALSE,TRUE,TRUE,FALSE,FALSE,3,0.232
PRDM16,FALSE,TRUE,FALSE,FALSE,TRUE,FALSE,FALSE,2,0.095
PRKACA,FALSE,TRUE,FALSE,FALSE,TRUE,FALSE,FALSE,2,0.095
PRRX1,FALSE,TRUE,FALSE,FALSE,TRUE,FALSE,FALSE,2,0.095
PSIP1,TRUE,TRUE,FALSE,FALSE,TRUE,FALSE,FALSE,3,0.212
PTPN1,FALSE,FALSE,FALSE,FALSE,TRUE,FALSE,FALSE,1,0.033
PTPRO,FALSE,FALSE,FALSE,FALSE,TRUE,FALSE,FALSE,1,0.033
QKI,FALSE,TRUE,FALSE,TRUE,TRUE,FALSE,FALSE,3,0.232
RABEP1,FALSE,TRUE,FALSE,FALSE,TRUE,FALSE,FALSE,2,0.095
RAP1GDS1,FALSE,TRUE,FALSE,FALSE,TRUE,FALSE,FALSE,2,0.095
RELN,FALSE,FALSE,FALSE,FALSE,TRUE,FALSE,FALSE,1,0.033
REST,FALSE,FALSE,FALSE,FALSE,TRUE,FALSE,FALSE,1,0.033
RHOH,FALSE,TRUE,FALSE,FALSE,TRUE,FALSE,FALSE,2,0.095
RNF213,FALSE,TRUE,FALSE,FALSE,TRUE,TRUE,FALSE,3,0.215
ROBO1,FALSE,FALSE,FALSE,FALSE,TRUE,FALSE,FALSE,1,0.033
RPL22,TRUE,TRUE,TRUE,FALSE,TRUE,TRUE,FALSE,5,0.609
RPN1,FALSE,TRUE,FALSE,FALSE,TRUE,FALSE,FALSE,2,0.095
RSPO2,FALSE,TRUE,FALSE,FALSE,TRUE,FALSE,FALSE,2,0.095
SAMHD1,FALSE,FALSE,FALSE,FALSE,TRUE,FALSE,FALSE,1,0.033
SCG5,FALSE,FALSE,FALSE,FALSE,TRUE,FALSE,FALSE,1,0.033
SDC4,FALSE,TRUE,FALSE,FALSE,TRUE,FALSE,FALSE,2,0.095
SERPINB3,FALSE,FALSE,FALSE,FALSE,TRUE,FALSE,FALSE,1,0.033
SERPINB4,FALSE,FALSE,FALSE,FALSE,TRUE,FALSE,FALSE,1,0.033
SET,FALSE,TRUE,FALSE,FALSE,TRUE,FALSE,FALSE,2,0.095
SETD1A,FALSE,FALSE,FALSE,FALSE,TRUE,FALSE,FALSE,1,0.033
SETD1B,FALSE,FALSE,FALSE,FALSE,TRUE,FALSE,FALSE,1,0.033
SETD3,FALSE,FALSE,FALSE,FALSE,TRUE,FALSE,FALSE,1,0.033
SETD4,FALSE,FALSE,FALSE,FALSE,TRUE,FALSE,FALSE,1,0.033
SETD5,FALSE,FALSE,FALSE,FALSE,TRUE,FALSE,FALSE,1,0.033
SETD6,FALSE,FALSE,FALSE,FALSE,TRUE,FALSE,FALSE,1,0.033
SETD7,FALSE,FALSE,FALSE,FALSE,TRUE,FALSE,FALSE,1,0.033
SETDB2,FALSE,FALSE,FALSE,FALSE,TRUE,FALSE,FALSE,1,0.033
SH3GL1,FALSE,TRUE,FALSE,FALSE,TRUE,FALSE,FALSE,2,0.095
SLC34A2,FALSE,TRUE,FALSE,FALSE,TRUE,FALSE,FALSE,2,0.095
SLFN11,FALSE,FALSE,FALSE,FALSE,TRUE,FALSE,FALSE,1,0.033
SMARCA2,FALSE,FALSE,FALSE,FALSE,TRUE,FALSE,FALSE,1,0.033
SMG1,FALSE,FALSE,FALSE,FALSE,TRUE,FALSE,FALSE,1,0.033
SOCS3,FALSE,FALSE,FALSE,FALSE,TRUE,FALSE,FALSE,1,0.033
SP140,FALSE,FALSE,FALSE,FALSE,TRUE,FALSE,FALSE,1,0.033
SPRTN,FALSE,FALSE,FALSE,FALSE,TRUE,FALSE,FALSE,1,0.033
SRSF3,FALSE,TRUE,FALSE,FALSE,TRUE,FALSE,FALSE,2,0.095
SSX1,FALSE,TRUE,FALSE,FALSE,TRUE,FALSE,FALSE,2,0.095
SSX2,FALSE,TRUE,FALSE,FALSE,TRUE,FALSE,FALSE,2,0.095
SSX4,FALSE,TRUE,FALSE,FALSE,TRUE,FALSE,FALSE,2,0.095
STAG1,FALSE,FALSE,FALSE,FALSE,TRUE,FALSE,FALSE,1,0.033
TAF15,FALSE,TRUE,FALSE,FALSE,TRUE,FALSE,FALSE,2,0.095
TAL2,FALSE,TRUE,FALSE,FALSE,TRUE,FALSE,FALSE,2,0.095
TET3,FALSE,FALSE,FALSE,FALSE,TRUE,FALSE,FALSE,1,0.033
TFG,FALSE,TRUE,FALSE,FALSE,TRUE,FALSE,FALSE,2,0.095
TNFRSF17,FALSE,TRUE,FALSE,FALSE,TRUE,FALSE,FALSE,2,0.095
TPM3,FALSE,TRUE,FALSE,FALSE,TRUE,FALSE,FALSE,2,0.095
TPM4,FALSE,TRUE,FALSE,FALSE,TRUE,FALSE,FALSE,2,0.095
TRA,FALSE,FALSE,FALSE,FALSE,TRUE,FALSE,FALSE,1,0.033
TRB,FALSE,FALSE,FALSE,FALSE,TRUE,FALSE,FALSE,1,0.033
TRD,FALSE,FALSE,FALSE,FALSE,TRUE,FALSE,FALSE,1,0.033
TRG,FALSE,FALSE,FALSE,FALSE,TRUE,FALSE,FALSE,1,0.033
TRIM24,FALSE,TRUE,FALSE,FALSE,TRUE,FALSE,FALSE,2,0.095
TRIP11,FALSE,TRUE,FALSE,FALSE,TRUE,TRUE,FALSE,3,0.215
TRIP13,FALSE,FALSE,FALSE,FALSE,TRUE,FALSE,FALSE,1,0.033
USP6,FALSE,TRUE,FALSE,FALSE,TRUE,FALSE,FALSE,2,0.095
VAV1,FALSE,FALSE,FALSE,FALSE,TRUE,FALSE,FALSE,1,0.033
VAV2,FALSE,FALSE,FALSE,FALSE,TRUE,FALSE,FALSE,1,0.033
WIF1,FALSE,TRUE,FALSE,FALSE,TRUE,FALSE,FALSE,2,0.095
ZBTB16,FALSE,TRUE,FALSE,FALSE,TRUE,FALSE,FALSE,2,0.095
ZMYM2,TRUE,TRUE,FALSE,FALSE,TRUE,TRUE,FALSE,4,0.333
ZNF217,FALSE,FALSE,FALSE,FALSE,TRUE,FALSE,FALSE,1,0.033
ZNF384,FALSE,TRUE,FALSE,FALSE,TRUE,FALSE,FALSE,2,0.095
ZNF521,FALSE,TRUE,FALSE,FALSE,TRUE,FALSE,FALSE,2,0.095
ZNF703,FALSE,FALSE,FALSE,FALSE,TRUE,FALSE,FALSE,1,0.033
ZNRF3,FALSE,FALSE,FALSE,FALSE,TRUE,FALSE,FALSE,1,0.033
ACKR3,FALSE,TRUE,FALSE,FALSE,TRUE,FALSE,FALSE,2,0.095
ACSL3,FALSE,TRUE,FALSE,FALSE,TRUE,FALSE,FALSE,2,0.095
ACSL6,FALSE,FALSE,FALSE,FALSE,TRUE,FALSE,FALSE,1,0.033
ACTB,FALSE,FALSE,FALSE,FALSE,TRUE,FALSE,FALSE,1,0.033
ACVR2A,TRUE,TRUE,TRUE,FALSE,TRUE,FALSE,FALSE,4,0.488
ADGRA2,FALSE,FALSE,FALSE,FALSE,TRUE,FALSE,FALSE,1,0.033
AFF3,FALSE,TRUE,FALSE,FALSE,TRUE,FALSE,FALSE,2,0.095
AJUBA,TRUE,FALSE,TRUE,TRUE,TRUE,TRUE,FALSE,5,0.684
APH1A,FALSE,FALSE,FALSE,FALSE,TRUE,FALSE,FALSE,1,0.033
APOBEC3B,FALSE,TRUE,FALSE,FALSE,TRUE,FALSE,FALSE,2,0.095
ASMTL,FALSE,FALSE,FALSE,FALSE,TRUE,FALSE,FALSE,1,0.033
ASPSCR1,FALSE,TRUE,FALSE,FALSE,TRUE,FALSE,FALSE,2,0.095
ATG5,FALSE,FALSE,FALSE,FALSE,TRUE,FALSE,FALSE,1,0.033
ATP1A1,FALSE,TRUE,FALSE,FALSE,TRUE,FALSE,FALSE,2,0.095
ATP2B3,FALSE,TRUE,FALSE,FALSE,TRUE,FALSE,FALSE,2,0.095
BAX,FALSE,TRUE,FALSE,FALSE,TRUE,FALSE,FALSE,2,0.095
BCL9L,FALSE,TRUE,FALSE,FALSE,TRUE,FALSE,FALSE,2,0.095
BRD3,FALSE,TRUE,FALSE,FALSE,TRUE,FALSE,FALSE,2,0.095
BRSK1,FALSE,FALSE,FALSE,FALSE,TRUE,FALSE,FALSE,1,0.033
BTLA,FALSE,FALSE,FALSE,FALSE,TRUE,FALSE,FALSE,1,0.033
BUB1B,FALSE,TRUE,FALSE,FALSE,TRUE,TRUE,FALSE,3,0.215
C2orf44,FALSE,FALSE,FALSE,FALSE,TRUE,FALSE,FALSE,1,0.033
CACNA1D,FALSE,TRUE,FALSE,FALSE,TRUE,FALSE,FALSE,2,0.095
CAD,FALSE,FALSE,FALSE,FALSE,TRUE,TRUE,FALSE,2,0.154
CANT1,FALSE,TRUE,FALSE,FALSE,TRUE,FALSE,FALSE,2,0.095
CASC5,FALSE,FALSE,FALSE,FALSE,TRUE,FALSE,FALSE,1,0.033
CBLB,FALSE,TRUE,FALSE,FALSE,TRUE,FALSE,FALSE,2,0.095
CBLC,FALSE,TRUE,FALSE,FALSE,TRUE,FALSE,FALSE,2,0.095
CCDC6,FALSE,TRUE,FALSE,TRUE,TRUE,FALSE,FALSE,3,0.232
CCN6,FALSE,FALSE,FALSE,FALSE,TRUE,FALSE,FALSE,1,0.033
CCNB1IP1,FALSE,TRUE,FALSE,FALSE,TRUE,FALSE,FALSE,2,0.095
CCNB3,FALSE,FALSE,FALSE,FALSE,TRUE,FALSE,FALSE,1,0.033
CCT6B,FALSE,FALSE,FALSE,FALSE,TRUE,FALSE,FALSE,1,0.033
CD36,FALSE,FALSE,FALSE,FALSE,TRUE,FALSE,FALSE,1,0.033
CDH11,FALSE,TRUE,FALSE,FALSE,TRUE,FALSE,FALSE,2,0.095
CHCHD7,FALSE,TRUE,FALSE,FALSE,TRUE,FALSE,FALSE,2,0.095
CHD2,FALSE,FALSE,FALSE,FALSE,TRUE,FALSE,FALSE,1,0.033
CHD4,TRUE,TRUE,FALSE,TRUE,TRUE,TRUE,FALSE,5,0.470
CHIC2,FALSE,FALSE,FALSE,FALSE,TRUE,FALSE,FALSE,1,0.033
CHN1,FALSE,FALSE,FALSE,FALSE,TRUE,FALSE,FALSE,1,0.033
CKS1B,FALSE,FALSE,FALSE,FALSE,TRUE,FALSE,FALSE,1,0.033
CLIP1,FALSE,TRUE,FALSE,FALSE,TRUE,TRUE,FALSE,3,0.215
CLP1,FALSE,FALSE,FALSE,FALSE,TRUE,FALSE,FALSE,1,0.033
CNBP,FALSE,TRUE,FALSE,FALSE,TRUE,FALSE,FALSE,2,0.095
CNOT3,FALSE,TRUE,FALSE,FALSE,TRUE,FALSE,FALSE,2,0.095
COL2A1,FALSE,TRUE,FALSE,FALSE,TRUE,FALSE,FALSE,2,0.095
CPS1,FALSE,FALSE,FALSE,FALSE,TRUE,FALSE,FALSE,1,0.033
CRTC1,FALSE,TRUE,FALSE,FALSE,TRUE,TRUE,FALSE,3,0.215
CRTC3,FALSE,TRUE,FALSE,FALSE,TRUE,TRUE,FALSE,3,0.215
CSF1,FALSE,FALSE,FALSE,FALSE,TRUE,FALSE,FALSE,1,0.033
CUL4A,FALSE,FALSE,FALSE,FALSE,TRUE,FALSE,FALSE,1,0.033
CYP17A1,FALSE,FALSE,FALSE,FALSE,TRUE,FALSE,FALSE,1,0.033
DCTN1,FALSE,TRUE,FALSE,FALSE,TRUE,FALSE,FALSE,2,0.095
DDB2,FALSE,TRUE,FALSE,FALSE,TRUE,FALSE,FALSE,2,0.095
DDR1,FALSE,FALSE,FALSE,FALSE,TRUE,FALSE,FALSE,1,0.033
DDX5,FALSE,TRUE,FALSE,TRUE,TRUE,TRUE,FALSE,4,0.352
DKK1,FALSE,FALSE,FALSE,FALSE,TRUE,FALSE,FALSE,1,0.033
DKK2,FALSE,FALSE,FALSE,FALSE,TRUE,FALSE,FALSE,1,0.033
DKK3,FALSE,FALSE,FALSE,FALSE,TRUE,FALSE,FALSE,1,0.033
DKK4,FALSE,FALSE,FALSE,FALSE,TRUE,FALSE,FALSE,1,0.033
DUSP2,FALSE,FALSE,FALSE,FALSE,TRUE,FALSE,FALSE,1,0.033
DUSP9,FALSE,FALSE,FALSE,FALSE,TRUE,FALSE,FALSE,1,0.033
EIF3E,FALSE,TRUE,FALSE,FALSE,TRUE,FALSE,FALSE,2,0.095
ELK4,FALSE,TRUE,FALSE,FALSE,TRUE,FALSE,FALSE,2,0.095
ELN,FALSE,FALSE,FALSE,FALSE,TRUE,FALSE,FALSE,1,0.033
ELP2,FALSE,FALSE,FALSE,FALSE,TRUE,FALSE,FALSE,1,0.033
EPHB4,FALSE,FALSE,FALSE,FALSE,TRUE,FALSE,FALSE,1,0.033
ERC1,FALSE,TRUE,FALSE,FALSE,TRUE,FALSE,FALSE,2,0.095
ETS1,FALSE,FALSE,FALSE,FALSE,TRUE,FALSE,FALSE,1,0.033
EXOSC6,FALSE,FALSE,FALSE,FALSE,TRUE,FALSE,FALSE,1,0.033
EXT1,FALSE,TRUE,FALSE,FALSE,TRUE,FALSE,FALSE,2,0.095
EXT2,FALSE,TRUE,FALSE,FALSE,TRUE,FALSE,FALSE,2,0.095
FAF1,FALSE,FALSE,FALSE,FALSE,TRUE,FALSE,FALSE,1,0.033
FAT4,FALSE,TRUE,FALSE,FALSE,TRUE,FALSE,FALSE,2,0.095
FBXO31,FALSE,FALSE,FALSE,FALSE,TRUE,FALSE,FALSE,1,0.033
FES,FALSE,TRUE,FALSE,FALSE,TRUE,TRUE,FALSE,3,0.215
FGF12,FALSE,FALSE,FALSE,FALSE,TRUE,FALSE,FALSE,1,0.033
FIP1L1,FALSE,TRUE,FALSE,FALSE,TRUE,FALSE,FALSE,2,0.095
FLYWCH1,FALSE,FALSE,FALSE,FALSE,TRUE,FALSE,FALSE,1,0.033
FNBP1,FALSE,FALSE,FALSE,FALSE,TRUE,FALSE,FALSE,1,0.033
FRS2,FALSE,FALSE,FALSE,FALSE,TRUE,FALSE,FALSE,1,0.033
GABRA6,TRUE,FALSE,FALSE,FALSE,TRUE,FALSE,FALSE,2,0.151
GADD45B,FALSE,FALSE,FALSE,FALSE,TRUE,FALSE,FALSE,1,0.033
GATA4,FALSE,FALSE,FALSE,FALSE,TRUE,FALSE,FALSE,1,0.033
GATA6,FALSE,FALSE,FALSE,FALSE,TRUE,FALSE,FALSE,1,0.033
GMPS,FALSE,FALSE,FALSE,FALSE,TRUE,FALSE,FALSE,1,0.033
GOLGA5,FALSE,TRUE,FALSE,FALSE,TRUE,TRUE,FALSE,3,0.215
GOPC,FALSE,TRUE,FALSE,FALSE,TRUE,FALSE,FALSE,2,0.095
GPC3,FALSE,TRUE,FALSE,FALSE,TRUE,FALSE,FALSE,2,0.095
GRM3,FALSE,FALSE,FALSE,FALSE,TRUE,FALSE,FALSE,1,0.033
GTSE1,FALSE,FALSE,FALSE,FALSE,TRUE,FALSE,FALSE,1,0.033
H3F3AP4,FALSE,FALSE,FALSE,FALSE,TRUE,FALSE,FALSE,1,0.033
HIRA,FALSE,FALSE,FALSE,FALSE,TRUE,FALSE,FALSE,1,0.033
HIST2H3A,FALSE,FALSE,FALSE,FALSE,TRUE,FALSE,FALSE,1,0.033
HNRNPA2B1,FALSE,TRUE,FALSE,FALSE,TRUE,FALSE,FALSE,2,0.095
HOOK3,FALSE,TRUE,FALSE,FALSE,TRUE,FALSE,FALSE,2,0.095
HOXA3,FALSE,FALSE,FALSE,FALSE,TRUE,FALSE,FALSE,1,0.033
HSD3B1,FALSE,FALSE,FALSE,FALSE,TRUE,FALSE,FALSE,1,0.033
ICK,FALSE,FALSE,FALSE,FALSE,TRUE,FALSE,FALSE,1,0.033
IKBKB,FALSE,TRUE,FALSE,FALSE,TRUE,FALSE,FALSE,2,0.095
IKZF2,FALSE,FALSE,FALSE,FALSE,TRUE,FALSE,FALSE,1,0.033
IL2,FALSE,TRUE,FALSE,FALSE,TRUE,FALSE,FALSE,2,0.095
IL6ST,TRUE,TRUE,FALSE,FALSE,TRUE,FALSE,FALSE,3,0.212
INPP5D,FALSE,FALSE,FALSE,FALSE,TRUE,FALSE,FALSE,1,0.033
IRF2,TRUE,FALSE,FALSE,FALSE,TRUE,FALSE,FALSE,2,0.151
IRS4,FALSE,TRUE,FALSE,FALSE,TRUE,FALSE,FALSE,2,0.095
JAZF1,FALSE,FALSE,FALSE,FALSE,TRUE,FALSE,FALSE,1,0.033
KAT6B,FALSE,TRUE,FALSE,FALSE,TRUE,FALSE,FALSE,2,0.095
KCNJ5,FALSE,TRUE,FALSE,FALSE,TRUE,FALSE,FALSE,2,0.095
KDM2B,FALSE,FALSE,FALSE,FALSE,TRUE,FALSE,FALSE,1,0.033
KDM4C,FALSE,FALSE,FALSE,FALSE,TRUE,FALSE,FALSE,1,0.033
KEL,TRUE,FALSE,FALSE,TRUE,TRUE,FALSE,FALSE,3,0.288
KLF2,FALSE,FALSE,FALSE,FALSE,TRUE,FALSE,FALSE,1,0.033
KLF6,FALSE,TRUE,FALSE,FALSE,TRUE,FALSE,FALSE,2,0.095
KLK2,FALSE,TRUE,FALSE,FALSE,TRUE,FALSE,FALSE,2,0.095
KTN1,FALSE,TRUE,FALSE,FALSE,TRUE,FALSE,FALSE,2,0.095
LCP1,FALSE,FALSE,FALSE,FALSE,TRUE,TRUE,FALSE,2,0.154
LIFR,FALSE,TRUE,TRUE,FALSE,TRUE,TRUE,FALSE,4,0.492
LMNA,FALSE,TRUE,FALSE,FALSE,TRUE,FALSE,FALSE,2,0.095
LRIG3,FALSE,TRUE,FALSE,FALSE,TRUE,FALSE,FALSE,2,0.095
LRP5,FALSE,FALSE,FALSE,FALSE,TRUE,FALSE,FALSE,1,0.033
LRP6,FALSE,FALSE,FALSE,FALSE,TRUE,FALSE,FALSE,1,0.033
LRRK2,FALSE,FALSE,TRUE,FALSE,TRUE,TRUE,FALSE,3,0.430
LTK,FALSE,FALSE,FALSE,FALSE,TRUE,FALSE,FALSE,1,0.033
MAGED1,FALSE,FALSE,FALSE,FALSE,TRUE,FALSE,FALSE,1,0.033
MAML2,FALSE,TRUE,FALSE,FALSE,TRUE,FALSE,FALSE,2,0.095
MAP3K6,FALSE,FALSE,FALSE,FALSE,TRUE,FALSE,FALSE,1,0.033
MAP3K7,FALSE,FALSE,FALSE,FALSE,TRUE,FALSE,FALSE,1,0.033
MDS2,FALSE,FALSE,FALSE,FALSE,TRUE,FALSE,FALSE,1,0.033
MEF2C,FALSE,FALSE,FALSE,FALSE,TRUE,FALSE,FALSE,1,0.033
MERTK,FALSE,FALSE,FALSE,FALSE,TRUE,FALSE,FALSE,1,0.033
MIB1,FALSE,FALSE,FALSE,FALSE,TRUE,FALSE,FALSE,1,0.033
MKI67,FALSE,FALSE,FALSE,FALSE,TRUE,FALSE,FALSE,1,0.033
MKNK1,FALSE,FALSE,FALSE,FALSE,TRUE,FALSE,FALSE,1,0.033
MLLT11,FALSE,TRUE,FALSE,FALSE,TRUE,FALSE,FALSE,2,0.095
MNX1,FALSE,FALSE,FALSE,FALSE,TRUE,FALSE,FALSE,1,0.033
MTCP1,FALSE,TRUE,FALSE,FALSE,TRUE,FALSE,FALSE,2,0.095
MYO18A,FALSE,FALSE,FALSE,FALSE,TRUE,FALSE,FALSE,1,0.033
MYO5A,FALSE,TRUE,FALSE,FALSE,TRUE,FALSE,FALSE,2,0.095
NAB2,FALSE,TRUE,FALSE,FALSE,TRUE,FALSE,FALSE,2,0.095
NACA,FALSE,FALSE,FALSE,FALSE,TRUE,FALSE,FALSE,1,0.033
NBEAP1,FALSE,FALSE,FALSE,FALSE,TRUE,FALSE,FALSE,1,0.033
NCOA1,FALSE,TRUE,FALSE,FALSE,TRUE,FALSE,FALSE,2,0.095
NCOA4,FALSE,TRUE,FALSE,FALSE,TRUE,TRUE,FALSE,3,0.215
NFATC2,FALSE,TRUE,FALSE,FALSE,TRUE,FALSE,FALSE,2,0.095
NFIB,FALSE,TRUE,FALSE,FALSE,TRUE,FALSE,FALSE,2,0.095
NFKBIE,FALSE,TRUE,FALSE,FALSE,TRUE,FALSE,FALSE,2,0.095
NOD1,FALSE,FALSE,FALSE,FALSE,TRUE,FALSE,FALSE,1,0.033
NONO,FALSE,TRUE,FALSE,FALSE,TRUE,TRUE,FALSE,3,0.215
NUTM2B,FALSE,TRUE,FALSE,FALSE,TRUE,FALSE,FALSE,2,0.095
OLIG2,FALSE,TRUE,FALSE,FALSE,TRUE,FALSE,FALSE,2,0.095
OMD,FALSE,FALSE,FALSE,FALSE,TRUE,FALSE,FALSE,1,0.033
PAG1,FALSE,FALSE,FALSE,FALSE,TRUE,FALSE,FALSE,1,0.033
PAK3,FALSE,FALSE,FALSE,FALSE,TRUE,FALSE,FALSE,1,0.033
PARP2,FALSE,FALSE,FALSE,FALSE,TRUE,FALSE,FALSE,1,0.033
PARP3,FALSE,FALSE,FALSE,FALSE,TRUE,FALSE,FALSE,1,0.033
PASK,FALSE,FALSE,FALSE,FALSE,TRUE,FALSE,FALSE,1,0.033
PC,FALSE,FALSE,FALSE,FALSE,TRUE,FALSE,FALSE,1,0.033
PCLO,FALSE,FALSE,FALSE,FALSE,TRUE,FALSE,FALSE,1,0.033
PCSK7,FALSE,FALSE,FALSE,FALSE,TRUE,FALSE,FALSE,1,0.033
PDCD11,FALSE,FALSE,FALSE,FALSE,TRUE,FALSE,FALSE,1,0.033
PHF1,FALSE,FALSE,FALSE,FALSE,TRUE,FALSE,FALSE,1,0.033
PIK3C2B,FALSE,FALSE,FALSE,FALSE,TRUE,FALSE,FALSE,1,0.033
POLQ,TRUE,TRUE,TRUE,FALSE,TRUE,FALSE,FALSE,4,0.488
POU5F1,FALSE,TRUE,FALSE,FALSE,TRUE,FALSE,FALSE,2,0.095
PPFIBP1,FALSE,TRUE,FALSE,FALSE,TRUE,FALSE,FALSE,2,0.095
PPP1CB,FALSE,FALSE,FALSE,FALSE,TRUE,FALSE,FALSE,1,0.033
PPP2R2A,FALSE,FALSE,FALSE,FALSE,TRUE,FALSE,FALSE,1,0.033
PRCC,FALSE,TRUE,FALSE,FALSE,TRUE,FALSE,FALSE,2,0.095
PRF1,FALSE,TRUE,FALSE,FALSE,TRUE,FALSE,FALSE,2,0.095
PRKDC,FALSE,FALSE,FALSE,FALSE,TRUE,FALSE,FALSE,1,0.033
PRSS1,FALSE,FALSE,FALSE,FALSE,TRUE,FALSE,FALSE,1,0.033
PRSS8,FALSE,FALSE,FALSE,FALSE,TRUE,FALSE,FALSE,1,0.033
PTK6,FALSE,TRUE,FALSE,FALSE,TRUE,FALSE,FALSE,2,0.095
PTK7,FALSE,FALSE,FALSE,FALSE,TRUE,FALSE,FALSE,1,0.033
PTPN13,FALSE,TRUE,FALSE,FALSE,TRUE,FALSE,FALSE,2,0.095
PTPN6,FALSE,FALSE,FALSE,FALSE,TRUE,FALSE,FALSE,1,0.033
PTPRB,FALSE,TRUE,FALSE,FALSE,TRUE,FALSE,FALSE,2,0.095
PTPRC,TRUE,TRUE,FALSE,FALSE,TRUE,FALSE,FALSE,3,0.212
PTPRK,FALSE,TRUE,FALSE,FALSE,TRUE,FALSE,FALSE,2,0.095
RALGDS,FALSE,FALSE,FALSE,FALSE,TRUE,FALSE,FALSE,1,0.033
RANBP2,FALSE,TRUE,FALSE,FALSE,TRUE,TRUE,FALSE,3,0.215
RASGEF1A,FALSE,FALSE,FALSE,FALSE,TRUE,FALSE,FALSE,1,0.033
RMI2,FALSE,TRUE,FALSE,FALSE,TRUE,FALSE,FALSE,2,0.095
RNF217-AS1,FALSE,FALSE,FALSE,FALSE,TRUE,FALSE,FALSE,1,0.033
RPL10,FALSE,TRUE,FALSE,FALSE,TRUE,FALSE,FALSE,2,0.095
RPL5,TRUE,TRUE,TRUE,TRUE,TRUE,TRUE,FALSE,6,0.746
RSPO3,FALSE,TRUE,FALSE,FALSE,TRUE,FALSE,FALSE,2,0.095
RUNX2,FALSE,FALSE,FALSE,FALSE,TRUE,FALSE,FALSE,1,0.033
S1PR2,FALSE,FALSE,FALSE,FALSE,TRUE,FALSE,FALSE,1,0.033
SALL4,FALSE,TRUE,FALSE,FALSE,TRUE,FALSE,FALSE,2,0.095
SBDS,FALSE,TRUE,FALSE,FALSE,TRUE,FALSE,FALSE,2,0.095
SEC31A,FALSE,FALSE,FALSE,FALSE,TRUE,FALSE,FALSE,1,0.033
SEPTIN5,FALSE,FALSE,FALSE,FALSE,TRUE,FALSE,FALSE,1,0.033
SEPTIN6,FALSE,FALSE,FALSE,FALSE,TRUE,FALSE,FALSE,1,0.033
SEPTIN9,FALSE,FALSE,FALSE,FALSE,TRUE,FALSE,FALSE,1,0.033
SERP2,FALSE,FALSE,FALSE,FALSE,TRUE,FALSE,FALSE,1,0.033
SFPQ,FALSE,TRUE,FALSE,FALSE,TRUE,FALSE,FALSE,2,0.095
SFRP1,FALSE,FALSE,FALSE,FALSE,TRUE,FALSE,FALSE,1,0.033
SFRP2,FALSE,FALSE,FALSE,FALSE,TRUE,FALSE,FALSE,1,0.033
SFRP4,FALSE,TRUE,FALSE,FALSE,TRUE,FALSE,FALSE,2,0.095
SIX1,FALSE,TRUE,FALSE,FALSE,TRUE,FALSE,FALSE,2,0.095
SLC1A2,FALSE,FALSE,FALSE,FALSE,TRUE,FALSE,FALSE,1,0.033
SLC45A3,FALSE,TRUE,FALSE,FALSE,TRUE,FALSE,FALSE,2,0.095
SMARCA1,TRUE,FALSE,FALSE,FALSE,TRUE,FALSE,FALSE,2,0.151
SNCAIP,FALSE,FALSE,FALSE,FALSE,TRUE,FALSE,FALSE,1,0.033
SND1,FALSE,TRUE,FALSE,FALSE,TRUE,FALSE,FALSE,2,0.095
SNX29,FALSE,FALSE,FALSE,FALSE,TRUE,FALSE,FALSE,1,0.033
SOCS2,FALSE,FALSE,FALSE,FALSE,TRUE,FALSE,FALSE,1,0.033
SOX10,FALSE,FALSE,FALSE,FALSE,TRUE,FALSE,FALSE,1,0.033
SS18L1,FALSE,TRUE,FALSE,FALSE,TRUE,FALSE,FALSE,2,0.095
STAT1,FALSE,FALSE,FALSE,FALSE,TRUE,FALSE,FALSE,1,0.033
STAT2,FALSE,FALSE,FALSE,FALSE,TRUE,FALSE,FALSE,1,0.033
STAT4,FALSE,FALSE,FALSE,FALSE,TRUE,FALSE,FALSE,1,0.033
STIL,FALSE,TRUE,FALSE,FALSE,TRUE,FALSE,FALSE,2,0.095
STRN,FALSE,TRUE,FALSE,FALSE,TRUE,FALSE,FALSE,2,0.095
TAF1,TRUE,FALSE,TRUE,FALSE,TRUE,TRUE,FALSE,4,0.547
TCEA1,FALSE,TRUE,FALSE,FALSE,TRUE,FALSE,FALSE,2,0.095
TCF12,TRUE,TRUE,FALSE,FALSE,TRUE,TRUE,FALSE,4,0.333
TCL1B,FALSE,FALSE,FALSE,FALSE,TRUE,FALSE,FALSE,1,0.033
TEC,FALSE,FALSE,FALSE,FALSE,TRUE,FALSE,FALSE,1,0.033
TERC,FALSE,FALSE,FALSE,FALSE,TRUE,FALSE,FALSE,1,0.033
TFEB,FALSE,TRUE,FALSE,FALSE,TRUE,FALSE,FALSE,2,0.095
TFPT,FALSE,FALSE,FALSE,FALSE,TRUE,FALSE,FALSE,1,0.033
TFRC,FALSE,FALSE,FALSE,FALSE,TRUE,FALSE,FALSE,1,0.033
TIPARP,FALSE,FALSE,FALSE,FALSE,TRUE,FALSE,FALSE,1,0.033
TLE1,FALSE,FALSE,FALSE,FALSE,TRUE,FALSE,FALSE,1,0.033
TLE2,FALSE,FALSE,FALSE,FALSE,TRUE,FALSE,FALSE,1,0.033
TLE3,FALSE,FALSE,FALSE,FALSE,TRUE,FALSE,FALSE,1,0.033
TLE4,FALSE,FALSE,FALSE,FALSE,TRUE,FALSE,FALSE,1,0.033
TLL2,FALSE,FALSE,FALSE,FALSE,TRUE,FALSE,FALSE,1,0.033
TMEM30A,FALSE,FALSE,FALSE,FALSE,TRUE,FALSE,FALSE,1,0.033
TMSB4XP8,FALSE,FALSE,FALSE,FALSE,TRUE,FALSE,FALSE,1,0.033
TNFRSF11A,FALSE,FALSE,FALSE,FALSE,TRUE,FALSE,FALSE,1,0.033
TPR,FALSE,TRUE,FALSE,FALSE,TRUE,TRUE,FALSE,3,0.215
TRIM27,FALSE,TRUE,FALSE,FALSE,TRUE,FALSE,FALSE,2,0.095
TRIM33,FALSE,TRUE,FALSE,FALSE,TRUE,FALSE,FALSE,2,0.095
TRRAP,FALSE,TRUE,FALSE,FALSE,TRUE,FALSE,FALSE,2,0.095
TTL,FALSE,FALSE,FALSE,FALSE,TRUE,FALSE,FALSE,1,0.033
TUSC3,FALSE,FALSE,FALSE,FALSE,TRUE,FALSE,FALSE,1,0.033
TYRO3,FALSE,FALSE,FALSE,FALSE,TRUE,FALSE,FALSE,1,0.033
WAS,FALSE,TRUE,FALSE,FALSE,TRUE,FALSE,FALSE,2,0.095
WDR90,FALSE,FALSE,FALSE,FALSE,TRUE,FALSE,FALSE,1,0.033
WRN,FALSE,TRUE,FALSE,FALSE,TRUE,TRUE,FALSE,3,0.215
XPA,FALSE,TRUE,FALSE,FALSE,TRUE,FALSE,FALSE,2,0.095
XPC,FALSE,TRUE,FALSE,FALSE,TRUE,FALSE,FALSE,2,0.095
YPEL5,FALSE,FALSE,FALSE,FALSE,TRUE,FALSE,FALSE,1,0.033
YWHAE,FALSE,TRUE,FALSE,FALSE,TRUE,FALSE,FALSE,2,0.095
YY1,FALSE,FALSE,FALSE,FALSE,TRUE,FALSE,FALSE,1,0.033
YY1AP1,FALSE,FALSE,FALSE,FALSE,TRUE,FALSE,FALSE,1,0.033
ZBTB20,TRUE,FALSE,FALSE,FALSE,TRUE,FALSE,FALSE,2,0.151
ZBTB7A,FALSE,FALSE,FALSE,FALSE,TRUE,FALSE,FALSE,1,0.033
ZFP36L1,TRUE,FALSE,FALSE,FALSE,TRUE,TRUE,FALSE,3,0.271
ZMYM3,TRUE,FALSE,FALSE,FALSE,TRUE,FALSE,FALSE,2,0.151
ZNF24,FALSE,FALSE,FALSE,FALSE,TRUE,FALSE,FALSE,1,0.033
ZNF278,FALSE,FALSE,FALSE,FALSE,TRUE,FALSE,FALSE,1,0.033
ZNF331,FALSE,TRUE,FALSE,FALSE,TRUE,FALSE,FALSE,2,0.095
APOB,TRUE,FALSE,FALSE,FALSE,FALSE,FALSE,FALSE,1,0.117
ATF7IP,TRUE,FALSE,FALSE,FALSE,FALSE,FALSE,FALSE,1,0.117
ATXN3,TRUE,FALSE,FALSE,FALSE,FALSE,FALSE,FALSE,1,0.117
BRD7,TRUE,FALSE,FALSE,FALSE,FALSE,FALSE,FALSE,1,0.117
CACNA1A,TRUE,FALSE,FALSE,FALSE,FALSE,FALSE,FALSE,1,0.117
CBWD3,TRUE,FALSE,FALSE,FALSE,FALSE,FALSE,FALSE,1,0.117
CHD3,TRUE,FALSE,FALSE,FALSE,FALSE,FALSE,FALSE,1,0.117
CHD8,TRUE,FALSE,FALSE,TRUE,FALSE,TRUE,FALSE,3,0.375
CNBD1,TRUE,FALSE,FALSE,TRUE,FALSE,FALSE,FALSE,2,0.254
COL5A1,TRUE,FALSE,FALSE,TRUE,FALSE,FALSE,FALSE,2,0.254
CREB3L3,TRUE,FALSE,FALSE,FALSE,FALSE,FALSE,FALSE,1,0.117
CTNND1,TRUE,FALSE,FALSE,FALSE,FALSE,TRUE,FALSE,2,0.238
CUL1,TRUE,FALSE,FALSE,FALSE,FALSE,TRUE,FALSE,2,0.238
DACH1,TRUE,FALSE,FALSE,FALSE,FALSE,FALSE,FALSE,1,0.117
DAZAP1,TRUE,FALSE,FALSE,FALSE,FALSE,FALSE,FALSE,1,0.117
DHX9,TRUE,FALSE,FALSE,FALSE,FALSE,TRUE,FALSE,2,0.238
DIAPH2,TRUE,FALSE,FALSE,FALSE,FALSE,FALSE,FALSE,1,0.117
DMD,TRUE,FALSE,FALSE,FALSE,FALSE,TRUE,FALSE,2,0.238
EEF1A1,TRUE,FALSE,FALSE,FALSE,FALSE,TRUE,FALSE,2,0.238
EEF2,TRUE,FALSE,FALSE,FALSE,FALSE,FALSE,FALSE,1,0.117
EGR3,TRUE,FALSE,TRUE,FALSE,FALSE,FALSE,FALSE,2,0.393
EPHA2,TRUE,FALSE,FALSE,TRUE,FALSE,FALSE,FALSE,2,0.254
FAM46D,TRUE,FALSE,FALSE,FALSE,FALSE,FALSE,FALSE,1,0.117
FLNA,TRUE,FALSE,FALSE,FALSE,FALSE,FALSE,FALSE,1,0.117
FOXA2,TRUE,FALSE,TRUE,FALSE,FALSE,TRUE,FALSE,3,0.514
FOXQ1,TRUE,FALSE,FALSE,TRUE,FALSE,FALSE,FALSE,2,0.254
GRIN2D,TRUE,FALSE,FALSE,FALSE,FALSE,FALSE,FALSE,1,0.117
HUWE1,TRUE,FALSE,FALSE,FALSE,FALSE,TRUE,FALSE,2,0.238
IRF6,TRUE,FALSE,FALSE,TRUE,FALSE,FALSE,FALSE,2,0.254
KANSL1,TRUE,FALSE,FALSE,FALSE,FALSE,FALSE,FALSE,1,0.117
KIF1A,TRUE,FALSE,FALSE,FALSE,FALSE,FALSE,FALSE,1,0.117
KRT222,TRUE,FALSE,FALSE,FALSE,FALSE,FALSE,FALSE,1,0.117
LEMD2,TRUE,FALSE,FALSE,FALSE,FALSE,FALSE,FALSE,1,0.117
MACF1,TRUE,FALSE,FALSE,FALSE,FALSE,FALSE,FALSE,1,0.117
MAP3K4,TRUE,FALSE,FALSE,FALSE,FALSE,TRUE,FALSE,2,0.238
MGMT,TRUE,FALSE,FALSE,FALSE,FALSE,FALSE,FALSE,1,0.117
MUC6,TRUE,FALSE,FALSE,FALSE,FALSE,FALSE,FALSE,1,0.117
NIPBL,TRUE,FALSE,FALSE,FALSE,FALSE,FALSE,FALSE,1,0.117
NUP133,TRUE,FALSE,FALSE,FALSE,FALSE,FALSE,FALSE,1,0.117
PLCB4,TRUE,FALSE,FALSE,FALSE,FALSE,FALSE,FALSE,1,0.117
PLXNB2,TRUE,FALSE,FALSE,FALSE,FALSE,FALSE,FALSE,1,0.117
POLRMT,TRUE,FALSE,FALSE,FALSE,FALSE,FALSE,FALSE,1,0.117
PTMA,TRUE,FALSE,FALSE,FALSE,FALSE,FALSE,FALSE,1,0.117
PTPDC1,TRUE,FALSE,FALSE,FALSE,FALSE,FALSE,FALSE,1,0.117
RFC1,TRUE,FALSE,FALSE,FALSE,FALSE,FALSE,FALSE,1,0.117
RHOB,TRUE,FALSE,FALSE,FALSE,FALSE,FALSE,FALSE,1,0.117
RNF111,TRUE,FALSE,FALSE,FALSE,FALSE,FALSE,FALSE,1,0.117
RPS6KA3,TRUE,FALSE,FALSE,FALSE,FALSE,FALSE,FALSE,1,0.117
RQCD1,TRUE,FALSE,FALSE,FALSE,FALSE,FALSE,FALSE,1,0.117
SCAF4,TRUE,FALSE,FALSE,FALSE,FALSE,FALSE,FALSE,1,0.117
SF1,TRUE,FALSE,FALSE,FALSE,FALSE,FALSE,FALSE,1,0.117
SIN3A,TRUE,FALSE,TRUE,FALSE,FALSE,TRUE,FALSE,3,0.514
SPTA1,TRUE,FALSE,FALSE,FALSE,FALSE,FALSE,FALSE,1,0.117
SPTAN1,TRUE,FALSE,FALSE,FALSE,FALSE,FALSE,FALSE,1,0.117
TGIF1,TRUE,FALSE,FALSE,FALSE,FALSE,TRUE,FALSE,2,0.238
THRAP3,TRUE,FALSE,FALSE,FALSE,FALSE,FALSE,FALSE,1,0.117
TLR4,TRUE,FALSE,TRUE,FALSE,FALSE,FALSE,FALSE,2,0.393
TMSB4X,TRUE,FALSE,FALSE,FALSE,FALSE,FALSE,FALSE,1,0.117
TXNIP,TRUE,FALSE,FALSE,FALSE,FALSE,TRUE,FALSE,2,0.238
UNCX,TRUE,FALSE,FALSE,FALSE,FALSE,FALSE,FALSE,1,0.117
USP9X,TRUE,FALSE,TRUE,FALSE,FALSE,FALSE,FALSE,2,0.393
ZBTB7B,TRUE,FALSE,FALSE,FALSE,FALSE,FALSE,FALSE,1,0.117
ZC3H12A,TRUE,FALSE,FALSE,FALSE,FALSE,FALSE,FALSE,1,0.117
ZCCHC12,TRUE,FALSE,FALSE,FALSE,FALSE,FALSE,FALSE,1,0.117
ZFP36L2,TRUE,FALSE,FALSE,FALSE,FALSE,TRUE,FALSE,2,0.238
ZNF133,TRUE,FALSE,FALSE,FALSE,FALSE,FALSE,FALSE,1,0.117
ZNF750,TRUE,FALSE,FALSE,TRUE,FALSE,FALSE,FALSE,2,0.254
MLL3,FALSE,FALSE,TRUE,FALSE,FALSE,TRUE,TRUE,3,0.651
MLL2,FALSE,FALSE,TRUE,FALSE,FALSE,TRUE,TRUE,3,0.651
NAV3,FALSE,FALSE,TRUE,FALSE,FALSE,TRUE,FALSE,2,0.397
MALAT1,FALSE,FALSE,TRUE,FALSE,FALSE,TRUE,FALSE,2,0.397
TSHZ3,FALSE,FALSE,TRUE,FALSE,FALSE,FALSE,FALSE,1,0.276
CRIPAK,FALSE,FALSE,TRUE,FALSE,FALSE,FALSE,FALSE,1,0.276
EPPK1,FALSE,FALSE,TRUE,FALSE,FALSE,FALSE,FALSE,1,0.276
TSHZ2,FALSE,FALSE,TRUE,FALSE,FALSE,FALSE,FALSE,1,0.276
PRX,FALSE,FALSE,TRUE,FALSE,FALSE,FALSE,FALSE,1,0.276
MLL4,FALSE,FALSE,TRUE,FALSE,FALSE,FALSE,FALSE,1,0.276
EPHB6,FALSE,FALSE,TRUE,FALSE,FALSE,FALSE,FALSE,1,0.276
NFE2L3,FALSE,FALSE,TRUE,FALSE,FALSE,FALSE,FALSE,1,0.276
B4GALT3,FALSE,FALSE,TRUE,FALSE,FALSE,FALSE,FALSE,1,0.276
VEZF1,FALSE,FALSE,TRUE,FALSE,FALSE,FALSE,FALSE,1,0.276
MAPK8IP1,FALSE,FALSE,TRUE,FALSE,FALSE,TRUE,FALSE,2,0.397
MIR142,FALSE,FALSE,TRUE,FALSE,FALSE,FALSE,FALSE,1,0.276
FAM123B,FALSE,FALSE,FALSE,FALSE,FALSE,FALSE,TRUE,1,0.254
MYCL1,FALSE,FALSE,FALSE,FALSE,FALSE,FALSE,TRUE,1,0.254
SKP2,FALSE,FALSE,FALSE,FALSE,FALSE,FALSE,TRUE,1,0.254
AL035425.2,FALSE,TRUE,FALSE,FALSE,FALSE,FALSE,FALSE,1,0.062
KNL1,FALSE,TRUE,FALSE,FALSE,FALSE,FALSE,FALSE,1,0.062
MKL1,FALSE,TRUE,FALSE,FALSE,FALSE,FALSE,FALSE,1,0.062
NSD2,FALSE,TRUE,FALSE,FALSE,FALSE,FALSE,FALSE,1,0.062
NSD3,FALSE,TRUE,FALSE,FALSE,FALSE,FALSE,FALSE,1,0.062
PATZ1,FALSE,TRUE,FALSE,FALSE,FALSE,FALSE,FALSE,1,0.062
WDCP,FALSE,TRUE,FALSE,FALSE,FALSE,FALSE,FALSE,1,0.062
AARS2,FALSE,FALSE,FALSE,FALSE,FALSE,TRUE,FALSE,1,0.121
ABCB1,FALSE,FALSE,FALSE,FALSE,FALSE,TRUE,FALSE,1,0.121
ADAM10,FALSE,FALSE,FALSE,FALSE,FALSE,TRUE,FALSE,1,0.121
ADCY1,FALSE,FALSE,FALSE,FALSE,FALSE,TRUE,FALSE,1,0.121
ADORA2A,FALSE,FALSE,FALSE,FALSE,FALSE,TRUE,FALSE,1,0.121
AHNAK2,FALSE,FALSE,FALSE,FALSE,FALSE,TRUE,FALSE,1,0.121
AKAP9,FALSE,FALSE,FALSE,FALSE,FALSE,TRUE,FALSE,1,0.121
AKD1,FALSE,FALSE,FALSE,FALSE,FALSE,TRUE,FALSE,1,0.121
AMPH,FALSE,FALSE,FALSE,FALSE,FALSE,TRUE,FALSE,1,0.121
ANAPC1,FALSE,FALSE,FALSE,FALSE,FALSE,TRUE,FALSE,1,0.121
ANKRD12,FALSE,FALSE,FALSE,FALSE,FALSE,TRUE,FALSE,1,0.121
APAF1,FALSE,FALSE,FALSE,FALSE,FALSE,TRUE,FALSE,1,0.121
ARHGAP32,FALSE,FALSE,FALSE,FALSE,FALSE,TRUE,FALSE,1,0.121
ARHGEF6,FALSE,FALSE,FALSE,FALSE,FALSE,TRUE,FALSE,1,0.121
ASPM,FALSE,FALSE,FALSE,FALSE,FALSE,TRUE,FALSE,1,0.121
ATG13,FALSE,FALSE,FALSE,FALSE,FALSE,TRUE,FALSE,1,0.121
BCLAF1,FALSE,FALSE,FALSE,TRUE,FALSE,TRUE,FALSE,2,0.258
CAST,FALSE,FALSE,FALSE,FALSE,FALSE,TRUE,FALSE,1,0.121
CCAR1,FALSE,FALSE,FALSE,FALSE,FALSE,TRUE,FALSE,1,0.121
CFH,FALSE,FALSE,FALSE,FALSE,FALSE,TRUE,FALSE,1,0.121
COL18A1,FALSE,FALSE,FALSE,FALSE,FALSE,TRUE,FALSE,1,0.121
CTTN,FALSE,FALSE,FALSE,FALSE,FALSE,TRUE,FALSE,1,0.121
DOCK2,FALSE,FALSE,FALSE,FALSE,FALSE,TRUE,FALSE,1,0.121
ERBB2IP,FALSE,FALSE,FALSE,FALSE,FALSE,TRUE,FALSE,1,0.121
FBN2,FALSE,FALSE,FALSE,FALSE,FALSE,TRUE,FALSE,1,0.121
FN1,FALSE,FALSE,FALSE,FALSE,FALSE,TRUE,FALSE,1,0.121
FRG1B,FALSE,FALSE,FALSE,FALSE,FALSE,TRUE,FALSE,1,0.121
GNAI1,FALSE,FALSE,FALSE,FALSE,FALSE,TRUE,FALSE,1,0.121
GOT2,FALSE,FALSE,FALSE,FALSE,FALSE,TRUE,FALSE,1,0.121
GTF2H1,FALSE,FALSE,FALSE,FALSE,FALSE,TRUE,FALSE,1,0.121
HMGXB4,FALSE,FALSE,FALSE,FALSE,FALSE,TRUE,FALSE,1,0.121
HSPA8,FALSE,FALSE,FALSE,FALSE,FALSE,TRUE,FALSE,1,0.121
ITGA6,FALSE,FALSE,FALSE,FALSE,FALSE,TRUE,FALSE,1,0.121
KALRN,FALSE,FALSE,FALSE,FALSE,FALSE,TRUE,FALSE,1,0.121
KIAA1109,FALSE,FALSE,FALSE,FALSE,FALSE,TRUE,FALSE,1,0.121
KIFC3,FALSE,FALSE,FALSE,FALSE,FALSE,TRUE,FALSE,1,0.121
LEPR,FALSE,FALSE,FALSE,FALSE,FALSE,TRUE,FALSE,1,0.121
LUM,FALSE,FALSE,FALSE,FALSE,FALSE,TRUE,FALSE,1,0.121
MAP3K3,FALSE,FALSE,FALSE,FALSE,FALSE,TRUE,FALSE,1,0.121
MAST2,FALSE,FALSE,FALSE,FALSE,FALSE,TRUE,FALSE,1,0.121
MATK,FALSE,FALSE,FALSE,FALSE,FALSE,TRUE,FALSE,1,0.121
MED13,FALSE,FALSE,FALSE,FALSE,FALSE,TRUE,FALSE,1,0.121
MED17,FALSE,FALSE,FALSE,FALSE,FALSE,TRUE,FALSE,1,0.121
MEF2A,FALSE,FALSE,FALSE,FALSE,FALSE,TRUE,FALSE,1,0.121
METTL14,FALSE,FALSE,FALSE,FALSE,FALSE,TRUE,FALSE,1,0.121
MLL,FALSE,FALSE,FALSE,FALSE,FALSE,TRUE,FALSE,1,0.121
MLLT4,FALSE,FALSE,FALSE,FALSE,FALSE,TRUE,FALSE,1,0.121
MMP2,FALSE,FALSE,FALSE,FALSE,FALSE,TRUE,FALSE,1,0.121
NBPF10,FALSE,FALSE,FALSE,FALSE,FALSE,TRUE,FALSE,1,0.121
NEB,FALSE,FALSE,FALSE,FALSE,FALSE,TRUE,FALSE,1,0.121
NEDD4L,FALSE,FALSE,FALSE,FALSE,FALSE,TRUE,FALSE,1,0.121
NLRP3,FALSE,FALSE,FALSE,FALSE,FALSE,TRUE,FALSE,1,0.121
NR1H2,FALSE,FALSE,FALSE,FALSE,FALSE,TRUE,FALSE,1,0.121
NR4A2,FALSE,FALSE,FALSE,FALSE,FALSE,TRUE,FALSE,1,0.121
PABPC1,FALSE,FALSE,FALSE,FALSE,FALSE,TRUE,FALSE,1,0.121
PHLDA1,FALSE,FALSE,FALSE,FALSE,FALSE,TRUE,FALSE,1,0.121
PIP5K1A,FALSE,FALSE,FALSE,FALSE,FALSE,TRUE,FALSE,1,0.121
PLEC,FALSE,FALSE,FALSE,FALSE,FALSE,TRUE,FALSE,1,0.121
POTEF,FALSE,FALSE,FALSE,FALSE,FALSE,TRUE,FALSE,1,0.121
PRKCD,FALSE,FALSE,FALSE,FALSE,FALSE,TRUE,FALSE,1,0.121
PRPF8,FALSE,FALSE,FALSE,FALSE,FALSE,TRUE,FALSE,1,0.121
PSEN1,FALSE,FALSE,FALSE,FALSE,FALSE,TRUE,FALSE,1,0.121
RANBP3,FALSE,FALSE,FALSE,FALSE,FALSE,TRUE,FALSE,1,0.121
RBMX,FALSE,FALSE,FALSE,FALSE,FALSE,TRUE,FALSE,1,0.121
RPGR,FALSE,FALSE,FALSE,FALSE,FALSE,TRUE,FALSE,1,0.121
RPSAP58,FALSE,FALSE,FALSE,FALSE,FALSE,TRUE,FALSE,1,0.121
SPATA6,FALSE,FALSE,FALSE,FALSE,FALSE,TRUE,FALSE,1,0.121
SYNE1,FALSE,FALSE,FALSE,FALSE,FALSE,TRUE,FALSE,1,0.121
TCF7,FALSE,FALSE,FALSE,FALSE,FALSE,TRUE,FALSE,1,0.121
TFDP1,FALSE,FALSE,FALSE,FALSE,FALSE,TRUE,FALSE,1,0.121
TJP2,FALSE,FALSE,FALSE,FALSE,FALSE,TRUE,FALSE,1,0.121
TNFRSF10C,FALSE,FALSE,FALSE,FALSE,FALSE,TRUE,FALSE,1,0.121
TOM1,FALSE,FALSE,FALSE,FALSE,FALSE,TRUE,FALSE,1,0.121
TOP3A,FALSE,FALSE,FALSE,FALSE,FALSE,TRUE,FALSE,1,0.121
TRIM7,FALSE,FALSE,FALSE,FALSE,FALSE,TRUE,FALSE,1,0.121
TRIO,FALSE,FALSE,FALSE,FALSE,FALSE,TRUE,FALSE,1,0.121
TUBA1A,FALSE,FALSE,FALSE,FALSE,FALSE,TRUE,FALSE,1,0.121
UHRF1BP1L,FALSE,FALSE,FALSE,FALSE,FALSE,TRUE,FALSE,1,0.121
ZNF132,FALSE,FALSE,FALSE,FALSE,FALSE,TRUE,FALSE,1,0.121
ZNF300,FALSE,FALSE,FALSE,FALSE,FALSE,TRUE,FALSE,1,0.121
ZNF814,FALSE,FALSE,FALSE,FALSE,FALSE,TRUE,FALSE,1,0.121
ZNF844,FALSE,FALSE,FALSE,FALSE,FALSE,TRUE,FALSE,1,0.121
ZNF91,FALSE,FALSE,FALSE,FALSE,FALSE,TRUE,FALSE,1,0.121
ACO1,FALSE,FALSE,FALSE,TRUE,FALSE,FALSE,FALSE,1,0.137
ACVR2B,FALSE,FALSE,FALSE,TRUE,FALSE,FALSE,FALSE,1,0.137
ADNP,FALSE,FALSE,FALSE,TRUE,FALSE,FALSE,FALSE,1,0.137
ALKBH6,FALSE,FALSE,FALSE,TRUE,FALSE,FALSE,FALSE,1,0.137
ALPK2,FALSE,FALSE,FALSE,TRUE,FALSE,FALSE,FALSE,1,0.137
ANK3,FALSE,FALSE,FALSE,TRUE,FALSE,FALSE,FALSE,1,0.137
APOL2,FALSE,FALSE,FALSE,TRUE,FALSE,FALSE,FALSE,1,0.137
AZGP1,FALSE,FALSE,FALSE,TRUE,FALSE,FALSE,FALSE,1,0.137
BHMT2,FALSE,FALSE,FALSE,TRUE,FALSE,FALSE,FALSE,1,0.137
C3orf70,FALSE,FALSE,FALSE,TRUE,FALSE,FALSE,FALSE,1,0.137
CAP2,FALSE,FALSE,FALSE,TRUE,FALSE,FALSE,FALSE,1,0.137
CCDC120,FALSE,FALSE,FALSE,TRUE,FALSE,FALSE,FALSE,1,0.137
CD1D,FALSE,FALSE,FALSE,TRUE,FALSE,FALSE,FALSE,1,0.137
CDC27,FALSE,FALSE,FALSE,TRUE,FALSE,FALSE,FALSE,1,0.137
CEP76,FALSE,FALSE,FALSE,TRUE,FALSE,FALSE,FALSE,1,0.137
CNKSR1,FALSE,FALSE,FALSE,TRUE,FALSE,FALSE,FALSE,1,0.137
COL5A3,FALSE,FALSE,FALSE,TRUE,FALSE,FALSE,FALSE,1,0.137
CUL4B,FALSE,FALSE,FALSE,TRUE,FALSE,FALSE,FALSE,1,0.137
DIAPH1,FALSE,FALSE,FALSE,TRUE,FALSE,FALSE,FALSE,1,0.137
DNAH12,FALSE,FALSE,FALSE,TRUE,FALSE,FALSE,FALSE,1,0.137
DNER,FALSE,FALSE,FALSE,TRUE,FALSE,FALSE,FALSE,1,0.137
EIF2S2,FALSE,FALSE,FALSE,TRUE,FALSE,FALSE,FALSE,1,0.137
FAM166A,FALSE,FALSE,FALSE,TRUE,FALSE,FALSE,FALSE,1,0.137
FGFBP1,FALSE,FALSE,FALSE,TRUE,FALSE,FALSE,FALSE,1,0.137
FLG,FALSE,FALSE,FALSE,TRUE,FALSE,FALSE,FALSE,1,0.137
FRMD7,FALSE,FALSE,FALSE,TRUE,FALSE,FALSE,FALSE,1,0.137
GNPTAB,FALSE,FALSE,FALSE,TRUE,FALSE,FALSE,FALSE,1,0.137
GOT1,FALSE,FALSE,FALSE,TRUE,FALSE,FALSE,FALSE,1,0.137
GUSB,FALSE,FALSE,FALSE,TRUE,FALSE,FALSE,FALSE,1,0.137
HIST1H4E,FALSE,FALSE,FALSE,TRUE,FALSE,FALSE,FALSE,1,0.137
ING1,FALSE,FALSE,FALSE,TRUE,FALSE,FALSE,FALSE,1,0.137
INTS12,FALSE,FALSE,FALSE,TRUE,FALSE,FALSE,FALSE,1,0.137
IPO7,FALSE,FALSE,FALSE,TRUE,FALSE,FALSE,FALSE,1,0.137
ITGB7,FALSE,FALSE,FALSE,TRUE,FALSE,FALSE,FALSE,1,0.137
ITPKB,FALSE,FALSE,FALSE,TRUE,FALSE,FALSE,FALSE,1,0.137
KLHL8,FALSE,FALSE,FALSE,TRUE,FALSE,FALSE,FALSE,1,0.137
LCTL,FALSE,FALSE,FALSE,TRUE,FALSE,FALSE,FALSE,1,0.137
MAP4K3,FALSE,FALSE,FALSE,TRUE,FALSE,FALSE,FALSE,1,0.137
MBD1,FALSE,FALSE,FALSE,TRUE,FALSE,FALSE,FALSE,1,0.137
MED23,FALSE,FALSE,FALSE,TRUE,FALSE,FALSE,FALSE,1,0.137
MORC4,FALSE,FALSE,FALSE,TRUE,FALSE,FALSE,FALSE,1,0.137
MPO,FALSE,FALSE,FALSE,TRUE,FALSE,FALSE,FALSE,1,0.137
MUC17,FALSE,FALSE,FALSE,TRUE,FALSE,FALSE,FALSE,1,0.137
MXRA5,FALSE,FALSE,FALSE,TRUE,FALSE,FALSE,FALSE,1,0.137
MYOCD,FALSE,FALSE,FALSE,TRUE,FALSE,FALSE,FALSE,1,0.137
NBPF1,FALSE,FALSE,FALSE,TRUE,FALSE,FALSE,FALSE,1,0.137
NTN4,FALSE,FALSE,FALSE,TRUE,FALSE,FALSE,FALSE,1,0.137
NUP210L,FALSE,FALSE,FALSE,TRUE,FALSE,FALSE,FALSE,1,0.137
ODAM,FALSE,FALSE,FALSE,TRUE,FALSE,FALSE,FALSE,1,0.137
OMA1,FALSE,FALSE,FALSE,TRUE,FALSE,FALSE,FALSE,1,0.137
OR4A16,FALSE,FALSE,FALSE,TRUE,FALSE,FALSE,FALSE,1,0.137
OR52N1,FALSE,FALSE,FALSE,TRUE,FALSE,FALSE,FALSE,1,0.137
OTUD7A,FALSE,FALSE,FALSE,TRUE,FALSE,FALSE,FALSE,1,0.137
PAPD5,FALSE,FALSE,FALSE,TRUE,FALSE,FALSE,FALSE,1,0.137
PDAP1,FALSE,FALSE,FALSE,TRUE,FALSE,FALSE,FALSE,1,0.137
PDCD2L,FALSE,FALSE,FALSE,TRUE,FALSE,FALSE,FALSE,1,0.137
PDSS2,FALSE,FALSE,FALSE,TRUE,FALSE,FALSE,FALSE,1,0.137
POU2F2,FALSE,FALSE,FALSE,TRUE,FALSE,FALSE,FALSE,1,0.137
RAB40A,FALSE,FALSE,FALSE,TRUE,FALSE,FALSE,FALSE,1,0.137
RPS15,FALSE,FALSE,FALSE,TRUE,FALSE,FALSE,FALSE,1,0.137
RPS2,FALSE,FALSE,FALSE,TRUE,FALSE,FALSE,FALSE,1,0.137
RSBN1L,FALSE,FALSE,FALSE,TRUE,FALSE,FALSE,FALSE,1,0.137
SACS,FALSE,FALSE,FALSE,TRUE,FALSE,FALSE,FALSE,1,0.137
SELP,FALSE,FALSE,FALSE,TRUE,FALSE,FALSE,FALSE,1,0.137
41153,FALSE,FALSE,FALSE,TRUE,FALSE,FALSE,FALSE,1,0.137
SERPINB13,FALSE,FALSE,FALSE,TRUE,FALSE,FALSE,FALSE,1,0.137
SIRT4,FALSE,FALSE,FALSE,TRUE,FALSE,FALSE,FALSE,1,0.137
SLC1A3,FALSE,FALSE,FALSE,TRUE,FALSE,FALSE,FALSE,1,0.137
SLC26A3,FALSE,FALSE,FALSE,TRUE,FALSE,FALSE,FALSE,1,0.137
SLC44A3,FALSE,FALSE,FALSE,TRUE,FALSE,FALSE,FALSE,1,0.137
SLC4A5,FALSE,FALSE,FALSE,TRUE,FALSE,FALSE,FALSE,1,0.137
SNX25,FALSE,FALSE,FALSE,TRUE,FALSE,FALSE,FALSE,1,0.137
STX2,FALSE,FALSE,FALSE,TRUE,FALSE,FALSE,FALSE,1,0.137
TBC1D12,FALSE,FALSE,FALSE,TRUE,FALSE,FALSE,FALSE,1,0.137
TCP11L2,FALSE,FALSE,FALSE,TRUE,FALSE,FALSE,FALSE,1,0.137
TDRD10,FALSE,FALSE,FALSE,TRUE,FALSE,FALSE,FALSE,1,0.137
TIMM17A,FALSE,FALSE,FALSE,TRUE,FALSE,FALSE,FALSE,1,0.137
TNF,FALSE,FALSE,FALSE,TRUE,FALSE,FALSE,FALSE,1,0.137
TPX2,FALSE,FALSE,FALSE,TRUE,FALSE,FALSE,FALSE,1,0.137
TRIM23,FALSE,FALSE,FALSE,TRUE,FALSE,FALSE,FALSE,1,0.137
TTLL9,FALSE,FALSE,FALSE,TRUE,FALSE,FALSE,FALSE,1,0.137
TXNDC8,FALSE,FALSE,FALSE,TRUE,FALSE,FALSE,FALSE,1,0.137
WASF3,FALSE,FALSE,FALSE,TRUE,FALSE,FALSE,FALSE,1,0.137
XIRP2,FALSE,FALSE,FALSE,TRUE,FALSE,FALSE,FALSE,1,0.137
ZNF180,FALSE,FALSE,FALSE,TRUE,FALSE,FALSE,FALSE,1,0.137
ZNF471,FALSE,FALSE,FALSE,TRUE,FALSE,FALSE,FALSE,1,0.137
ZNF483,FALSE,FALSE,FALSE,TRUE,FALSE,FALSE,FALSE,1,0.137
ZNF620,FALSE,FALSE,FALSE,TRUE,FALSE,FALSE,FALSE,1,0.137
ZRANB3,FALSE,FALSE,FALSE,TRUE,FALSE,FALSE,FALSE,1,0.137
